objectPath,objectName,objectType,id
/Explore/SAP_Data_migration,ANAND_POC,Folder,3slps80zOKxkoHxAJ54qWC
/Explore/SAP_Data_migration,Test_Mapping,DTEMPLATE,5NyGNFlxPmEfLUMN2tMse3
/Explore/SAP_Data_migration/R2R,mtt_AP_open_items,MTT,5tIK9QnWeTEg9SKe5gL68U
/SYS,SAP_FLAT_FILE_READ,Connection,dtfAKfcspiIiCqyTQYewOf
/Explore/SAP_Data_migration/O2C,m_projects_customer_output_iipay,DTEMPLATE,0eRI7PYev7cfbkPnGXkpmZ
/Explore/SAP_Data_migration/Bharath_test,Mapping17,DTEMPLATE,6srxJCa3LmKiP3h4cH4dUS
/SYS,SAP_IN_Look_up,Connection,bSPTz5kfD4wbL4T8CWtKQW
/Explore/SAP_Data_migration/Bharath_test,Mapping15,DTEMPLATE,gDPyeBOVuqhij8ct1Df4gu
/Explore/SAP_Data_migration/O2C,m_customer_sqlserver,DTEMPLATE,1qRhSrbGF3OeK3OShWK9aq
/SYS,SAP_IN_PROFIT_CENTER,Connection,atv206PzFgfiL73BdwdouB
/Explore/SAP_Data_migration/Archive,mt_customer_sqlserver,MTT,5sV3WeCJlEEcHIGNfqZf4U
/SYS,C_EXCEL_WRITE,Connection,42lyuLwgK6uhGZTZajVYIf
/Explore/SAP_Data_migration/O2C,m_projects_customer_output_us_ca,DTEMPLATE,d5QsfCBQ0c0jLzOEEpfQw6
/Explore/SAP_Data_migration/ANAND_POC,ism_sample_file,STRUCTURE_DISCOVERY,6YYCXmPTVSrlty0lct9juf
/Explore/SAP_Data_migration/R2R,m_DM023_gl_Trial_balance_Large_files,DTEMPLATE,iYuGiIIBP6tboZ7dkfGXSA
/Explore/SAP_Data_migration/Bharath_test,m_DM900_ZB01_Pricing_condition_AdminFee,DTEMPLATE,0LoKbAWDP1bcIcrpHoOnma
/Explore/SAP_Data_migration/ANAND_POC,excel_structure_parser,STRUCTURE_DISCOVERY,78CGKNmXdMwbtN2N88xIcZ
/SYS,C_EXCEL_READ_OLD,Connection,3ribft3s2UpcSAFWdJFLCQ
/Explore/SAP_Data_migration/O2C,m_Viewpoint_Pricing_conditions_sql_server,DTEMPLATE,aDmD643GEOjeu5YmkzigKI
/Explore/SAP_Data_migration/Bharath_test,M_Legacy_pricing_csv_to_db,DTEMPLATE,34R5oyv5A2BiMcxn4Btacx
/Explore/SAP_Data_migration/Bharath_test,M_Legacy_Pricing_Update_Mapping,DTEMPLATE,aBWjhP2Um1TcPwesHfakC7
/SYS,SRVAWSDVIPQAG11,AgentGroup,1Dzap87NwIjbXIKQvLumkV
/Explore/SAP_Data_migration/R2R,m_AP_open_items,DTEMPLATE,gnbnEqgr4uIlDn0wVKmiAJ
/Explore/SAP_Data_migration/O2C,m_Viewpoint_Pricing_Conditions_process_Null_records,DTEMPLATE,0CKywXDC1yWi6GtbvTfD6f
/Explore/SAP_Data_migration/O2C,m_projects_customer_sqlserver_us_ca,DTEMPLATE,kGE9OVmEOw3jl86swAvooH
/Explore/SAP_Data_migration/ANAND_POC,Mapping6,DTEMPLATE,9HB3dtsvt2PcrERLLe21a2
/Explore/SAP_Data_migration/ANAND_POC,tf_convert_excel_csv,TASKFLOW,5he4sPBOVUQlpSrwH4PIUj
/Explore/SAP_Data_migration/O2C,m_projects_customer_sqlserver_iipay,DTEMPLATE,lGJe8GfNbW0eLCuYxvqPoA
/Explore/SAP_Data_migration/Bharath_test,m_DM510_ZB01_Pricing_condition_AdminFee,DTEMPLATE,7EKEGWrtTKYhpj2Cp0eCsK
/Explore/SAP_Data_migration/R2R,m_DM023_gl_Trial_balance -,DTEMPLATE,8WbABdX4hG6ktL89R93f2n
/SYS,SAP_IN_Look_up_2,Connection,3e7MsmCtmkddWJfiOhxW06
/Explore/SAP_Data_migration/O2C,m_projects_customer_output_bkp_v2,DTEMPLATE,dDOR3mhr4a3f9DAIEKO2CT
/Explore/SAP_Data_migration/R2R,m_AR_open_Items,DTEMPLATE,aTiqG09FfqQd4l63BugRgO
/Explore/SAP_Data_migration/R2R,ISM_GL_Line_item,STRUCTURE_DISCOVERY,1zj9HmkDgWNfEwT2eXnp8V
/Explore/SAP_Data_migration,SAP_CONFIG,Folder,2OWsoFlg2EMgJoQe4Rp58L
/Explore/SAP_Data_migration/R2R,m_activity_types,DTEMPLATE,1dQQQfQ8E2GeQPzdzel8AW
/Explore/SAP_Data_migration/SAP_CONFIG,Mapping11,DTEMPLATE,0FHcobhPV44dh7manSUAG2
/Explore/SAP_Data_migration/ANAND_POC,Mapping8,DTEMPLATE,7BzfTgR1301dmUzE87XeaH
/SYS,SAP_IN_AR_OPEN_ITEMS,Connection,aeQyYwiarnkgX6DmTz0Nwg
/SYS,SAP_V1_Input_file,Connection,5FSQWYnMSJQiovBIB85CiN
/Explore/SAP_Data_migration/SAP_CONFIG,m_SAP_CFG_Files_to_db,DTEMPLATE,cKmiVX0mBqAdFL9gK8phQw
/Explore/SAP_Data_migration/R2R,m_DM022_AR_open_Items,DTEMPLATE,4u8CaQ3VH8ijhSdro4lso0
/SYS,SAP_FLAT_FILE_WRITE,Connection,0bAIHLvhE0wjIgqWb4Q6Gd
/Explore/SAP_Data_migration/R2R,m_GL_accounts_by_Company_code,DTEMPLATE,1RlRJtdybuYdXs7AYjK0cT
/Explore/SAP_Data_migration/O2C,m_projects_customer_sqlserver_viewpoint,DTEMPLATE,arQlfyQ6DcMhv4cIuPT4Qi
/Explore/SAP_Data_migration,UDF,Folder,9rwzEKhp3NlgvZiCJ8esO7
/Explore/SAP_Data_migration/ANAND_POC,mt_customer_output,MTT,kfRJOHMbRi1kxCaJvwEeUi
/Explore/SAP_Data_migration/O2C,m_projects_customer_sqlserver,DTEMPLATE,8j0QYXDVRm9bKhtWwoCSS7
/Explore/SAP_Data_migration/R2R,mtt_AR_OpenItems,MTT,8ASIxjX3RVPf6tlPBtoDKC
/Explore/SAP_Data_migration/UDF,UDF_LKP,UDF,1RZ0i069OIni5hMwCaFaiH
/Explore/SAP_Data_migration,Template,Folder,gZJOIwRW7mCcaCNeqDIgqA
/Explore/SAP_Data_migration/R2R,m_supplier_general,DTEMPLATE,eXSkpkBo8CDe0vL2LxWy4X
/Explore/SAP_Data_migration/Bharath_test,m_Pricing_503_extract,DTEMPLATE,02Hko5pCluicC1zKQz7vYu
/Explore/SAP_Data_migration/O2C,m_projects_customer_output_bkp,DTEMPLATE,ckLHKzuF3K2jaGnSHa5lSS
/Explore/SAP_Data_migration/ANAND_POC,Mapping7,DTEMPLATE,9o2uEkNplBgi7VF0gpxraX
/Explore/SAP_Data_migration/Bharath_test,m_DM023_gl_Trial_balance_Large_files,DTEMPLATE,fvCMkyitLUwg8P1mTO2caj
/Explore/SAP_Data_migration/O2C,m_projects_customer_output,DTEMPLATE,7tJEPU0yzinhSHfYAB6qsQ
/Explore/SAP_Data_migration/O2C,m_projects_customer_output_bkp_dec25,DTEMPLATE,ak9aa3d3sEmkc8wT8uP3MB
/Explore/SAP_Data_migration/Template,FW_CUSTOMER,MI_FILE_LISTENER,0bYiSfglZmAkDSfsBEp1Wi
/Explore/SAP_Data_migration/R2R,mtt_Fixed_asset_Master,MTT,ayNL74xrHZJjAbYcsQ0w6C
/Explore/SAP_Data_migration/O2C,m_Viewpoint_Pricing_Conditions_out,DTEMPLATE,949N2mz6ktzeQer9O4j4u9
/Explore/SAP_Data_migration/R2R,m_DM018_fixed_asset_balance - Mid year,DTEMPLATE,0sn3zAVEtWmfdwAIZI0swF
/Explore/SAP_Data_migration/Bharath_test,m_Pricing_505_Condtion_Table,DTEMPLATE,5omMkJhRQa6eNE4IKxH8O5
/Explore/SAP_Data_migration/O2C,m_projects_customer_output_viewpoint,DTEMPLATE,4HcIH3FVy4HirHxbhDP8a7
/Explore/SAP_Data_migration/Archive,mt_customer_output,MTT,5QH95245lkZdSOaibpz3gT
/Explore/SAP_Data_migration/ANAND_POC,XML,HSCHEMA,3pvjIEXXZWLjOWZExV1let
/Explore/SAP_Data_migration/Template,mt_csv_sqlserver,MTT,ha91I5hofsSgn1Gl3ai2Go
/Explore/SAP_Data_migration/Bharath_test,Mapping9,DTEMPLATE,fKXUmiuzeqOeQsBox25MOB
/Explore/SAP_Data_migration/R2R,M_gl_line_item_mapping,DTEMPLATE,jSbXxWUDfK9fQmKtPh5zwl
/Explore/SAP_Data_migration/R2R,m_DM023_gl_Trial_balance_Large_files_Balance Only_ML3_OIM_NONOIM,DTEMPLATE,jDZSgmIeZGNfCeLjgIBUGn
/Explore/SAP_Data_migration/ANAND_POC,m_activity_types-Advanced,AtScaleDTemplate,kv6XgPkwAW1jNVvsKAsnUS
/Explore/SAP_Data_migration/ANAND_POC,m_activity_types,DTEMPLATE,8aDE4hHJuydidy3TMEfE25
/Explore/SAP_Data_migration/R2R,m_profit_center,DTEMPLATE,22FVt0Wn67ogiAxuhy2DMU
/Explore/SAP_Data_migration/R2R,m_supplier_purchase_order,DTEMPLATE,2kVaD4e1HZFimvY3fKomev
/SYS,SAP_V1_Output_file,Connection,jXayLuLj5AJdPzcV7ZrK8P
/Explore/SAP_Data_migration/R2R,m_DM006_fixed_asset,DTEMPLATE,4MfBrR5lJ8PdbfV0qdTNqY
/Explore/SAP_Data_migration,O2C,Folder,gELRTS4zkaLkPvtPKUSk8z
/Explore/SAP_Data_migration/Bharath_test,m_DM503_Pricing_Standard_rate,DTEMPLATE,06EE6m5BwEoe2bt2lXOgKe
/SYS,SAP_IN_ACTIVITY_TYPE,Connection,2uusbwwRXNTcsciXP6JvQL
/Explore/SAP_Data_migration/ANAND_POC,XML,DTEMPLATE,4yemf52KHJJklhIhrtnCIE
/Explore/SAP_Data_migration/O2C,m_projects_service_contract_sqlserver,DTEMPLATE,3I3shAyFMCClKcaoZJMbIP
/Explore/SAP_Data_migration/R2R,m_supplier_bank_accounts,DTEMPLATE,8vz9uiAh4WXgT6ZqNd6oys
/Explore/SAP_Data_migration/Bharath_test,Mapping12,DTEMPLATE,0CqBNCzB0ZegGKMOnC6x2Q
/Explore/SAP_Data_migration/R2R,m_DM023_gl_Trial_balance_Large_files_Balance Only_ML3,DTEMPLATE,759iQ3nQvc3eVVq1ZCossS
/Explore/SAP_Data_migration/SAP_CONFIG,Mapping13,DTEMPLATE,4jNr8VEG646hTMiKw9tZes
/Explore/SAP_Data_migration/O2C,m_customer_output,DTEMPLATE,3CGSIhAC2t1j698d1KCss3
/Explore/SAP_Data_migration,R2R,Folder,aV7LuYmiQC4j0elDvPynYd
/Explore/SAP_Data_migration/Archive,m_projects_customer_output_bkp,DTEMPLATE,7gbAXS7rNBmf7jkmWxmvuI
/Explore/SAP_Data_migration/O2C,Mapping16,DTEMPLATE,9u6edSspziGdO4RXXwnjEf
/Explore/SAP_Data_migration/Bharath_test,m_Legacy_wp_Pricing_Extract,DTEMPLATE,asxVsolVIOdeU0I6Uuk2Od
/Explore/SAP_Data_migration/UDF,UDF_ISSTRING,UDF,4eUadPpA1f5bGGuARzJ5kU
/Explore/SAP_Data_migration/O2C,m_projects_customer_output_service_contract,DTEMPLATE,a7s3myYdQsvl9DmAp6oDQw
/Explore/SAP_Data_migration,Archive,Folder,hgOhM13nGWqkdbNXSRNmI7
/Explore/SAP_Data_migration/O2C,m_customer_dedup,DTEMPLATE,5hALBEsiJeJbahuz5L6oO3
/SYS,SAP_IN_AP_Open_items,Connection,kD3CwPirGIwiBDHesAEaCp
/Explore/SAP_Data_migration/ANAND_POC,mt_template,MTT,8W20RArWdoxjbTbiWcdJ4m
/Explore/SAP_Data_migration/R2R,m_DM018_fixed_asset_balance,DTEMPLATE,8z8RhzKx74EkpKGrWvfsA8
/Explore,SAP_Data_migration,Project,3JOG62oscbkheAPqilzYWp
/Explore/SAP_Data_migration/R2R,m_DM021_AP_open_items,DTEMPLATE,9r1WIYJvCojkeTgD7xRegR
/Explore/SAP_Data_migration/R2R,m_supplier_company_code,DTEMPLATE,7WpPdbdqKJtkewAJQS6Bkj
/SYS,SAP_IN_GL_ACCOUNTS_COMPANY_CODE,Connection,6ArdEaycfGUk9ZSCP1maIg
/SYS,SAP_DM_DEV_SQL,Connection,2gvo7muCjKikhLYqEMxC4c
/Explore/SAP_Data_migration/ANAND_POC,tf_python,TASKFLOW,4gOGIj1tvKZcMM2WenVwQY
/Explore/SAP_Data_migration/R2R,ISM_GL_Trial_Balance,STRUCTURE_DISCOVERY,aEvHdioxDYWj140du8HBeR
/Explore/SAP_Data_migration/Bharath_test,m_DM505_ZB01_Pricing_condition_AdminFee,DTEMPLATE,0f14kfhrD04f3gbUxd7KmH
/Explore/SAP_Data_migration/R2R,m_Supplier,DTEMPLATE,53s9ZWstKPngh8avwzniCe
/Explore/SAP_Data_migration/R2R,m_gl_Trial_balance,DTEMPLATE,6TIQ8WbPF0Bd96XzNVDQ0R
/Explore/SAP_Data_migration/Bharath_test,Mapping10,DTEMPLATE,ipMJSlqfy2FlqPe7Xuokav
/Explore/SAP_Data_migration/UDF,UDF_EMAIL,UDF,4m5DiZob4hQbNFOWStL5a9
/Explore/SAP_Data_migration/ANAND_POC,mt_Activity_Types_Anand,MTT,6Z0CYmCWZc3dcpI5lpe66P
/Explore/SAP_Data_migration/R2R,m_DM023_gl_Trial_balance_ML2,DTEMPLATE,1MNjkrRoMmXe5IhGdJrNEl
/Explore/SAP_Data_migration/Bharath_test,Mapping14,DTEMPLATE,31c4DmIyIIsjDZLzpTulO5
/Explore/SAP_Data_migration/Template,m_csv_sqlserver,DTEMPLATE,f9Chundicu2eWw8jO6hXgC
/Explore/SAP_Data_migration/O2C,m_Projects_Product_mapping,DTEMPLATE,lnrlqlXPDCefHB1VPZvIId
/Explore/SAP_Data_migration,Bharath_test,Folder,ccnmKZ2QGm5kKm5ulHL5OU
/Explore/SAP_Data_migration/Archive,tf_customer,TASKFLOW,cUYsRWV8MkYiDOWZ7GQsa4