objectPath,objectName,objectType,id
/SYS,SAP_DM_DEV_SQL,Connection,2gvo7muCjKikhLYqEMxC4c
/SYS,SAP_IN_Look_up_2,Connection,3e7MsmCtmkddWJfiOhxW06
/Explore/SAP_Data_migration,O2C,Folder,gELRTS4zkaLkPvtPKUSk8z
/Explore,SAP_Data_migration,Project,3JOG62oscbkheAPqilzYWp
/Explore/SAP_Data_migration/O2C,m_projects_customer_output_us_ca,DTEMPLATE,d5QsfCBQ0c0jLzOEEpfQw6
/SYS,SRVAWSDVIPQAG11,AgentGroup,1Dzap87NwIjbXIKQvLumkV
/SYS,SAP_FLAT_FILE_WRITE,Connection,0bAIHLvhE0wjIgqWb4Q6Gd
/Explore/SAP_Data_migration/O2C,m_projects_customer_output_viewpoint,DTEMPLATE,4HcIH3FVy4HirHxbhDP8a7