{"annotations":[],"baseURI":null,"id":"Folders(hgOhM13nGWqkdbNXSRNmI7)","title":null,"associationLinks":[],"navigationLinks":[],"type":"OData.frs.Folder","editLink":null,"mediaEditLinks":[],"operations":[],"properties":[{"annotations":[],"valueType":"PRIMITIVE","value":"hgOhM13nGWqkdbNXSRNmI7","type":null,"name":"id","operations":[],"null":false,"primitive":true,"enum":false,"collection":false,"complex":false,"geospatial":false},{"annotations":[],"valueType":"PRIMITIVE","value":"Archive","type":null,"name":"name","operations":[],"null":false,"primitive":true,"enum":false,"collection":false,"complex":false,"geospatial":false},{"annotations":[],"valueType":"PRIMITIVE","value":"","type":null,"name":"description","operations":[],"null":false,"primitive":true,"enum":false,"collection":false,"complex":false,"geospatial":false},{"annotations":[],"valueType":"PRIMITIVE","value":"9MACxU43dWobxRbvQ5J0Gy","type":null,"name":"owner","operations":[],"null":false,"primitive":true,"enum":false,"collection":false,"complex":false,"geospatial":false},{"annotations":[],"valueType":"PRIMITIVE","value":"9MACxU43dWobxRbvQ5J0Gy","type":null,"name":"createdBy","operations":[],"null":false,"primitive":true,"enum":false,"collection":false,"complex":false,"geospatial":false},{"annotations":[],"valueType":"PRIMITIVE","value":"9MACxU43dWobxRbvQ5J0Gy","type":null,"name":"lastUpdatedBy","operations":[],"null":false,"primitive":true,"enum":false,"collection":false,"complex":false,"geospatial":false},{"annotations":[],"valueType":"PRIMITIVE","value":"9MACxU43dWobxRbvQ5J0Gy","type":null,"name":"lastAccessedBy","operations":[],"null":false,"primitive":true,"enum":false,"collection":false,"complex":false,"geospatial":false},{"annotations":[],"valueType":"PRIMITIVE","value":"2025-10-01T10:35:51.000Z","type":null,"name":"createdTime","operations":[],"null":false,"primitive":true,"enum":false,"collection":false,"complex":false,"geospatial":false},{"annotations":[],"valueType":"PRIMITIVE","value":"2025-10-01T10:35:51.000Z","type":null,"name":"lastUpdatedTime","operations":[],"null":false,"primitive":true,"enum":false,"collection":false,"complex":false,"geospatial":false},{"annotations":[],"valueType":"PRIMITIVE","value":"2025-10-01T10:35:51.000Z","type":null,"name":"lastAccessedTime","operations":[],"null":false,"primitive":true,"enum":false,"collection":false,"complex":false,"geospatial":false},{"annotations":[],"valueType":"PRIMITIVE","value":"2038-01-18T00:00:00.000Z","type":null,"name":"expiresBy","operations":[],"null":false,"primitive":true,"enum":false,"collection":false,"complex":false,"geospatial":false},{"annotations":[],"valueType":"PRIMITIVE","value":"Folder","type":null,"name":"documentType","operations":[],"null":false,"primitive":true,"enum":false,"collection":false,"complex":false,"geospatial":false},{"annotations":[],"valueType":"PRIMITIVE","value":"Binary","type":null,"name":"contentType","operations":[],"null":false,"primitive":true,"enum":false,"collection":false,"complex":false,"geospatial":false},{"annotations":[],"valueType":"PRIMITIVE","value":"COMPLETE","type":null,"name":"documentState","operations":[],"null":false,"primitive":true,"enum":false,"collection":false,"complex":false,"geospatial":false},{"annotations":[],"valueType":"PRIMITIVE","value":"org","type":null,"name":"aclRule","operations":[],"null":false,"primitive":true,"enum":false,"collection":false,"complex":false,"geospatial":false},{"annotations":[],"valueType":"PRIMITIVE","value":0,"type":null,"name":"subcontainerCount","operations":[],"null":false,"primitive":true,"enum":false,"collection":false,"complex":false,"geospatial":false},{"annotations":[],"valueType":"COMPLEX","value":null,"type":null,"name":"customAttributes","operations":[],"null":true,"primitive":false,"enum":false,"collection":false,"complex":true,"geospatial":false},{"annotations":[],"valueType":"COMPLEX","value":null,"type":null,"name":"repoInfo","operations":[],"null":true,"primitive":false,"enum":false,"collection":false,"complex":true,"geospatial":false},{"annotations":[],"valueType":"COLLECTION_COMPLEX","value":[{"annotations":[],"baseURI":null,"id":null,"title":null,"associationLinks":[],"navigationLinks":[],"value":[{"annotations":[],"valueType":"PRIMITIVE","value":"7cCn5thwWFLhiZoSosphKL","type":null,"name":"parentId","operations":[],"null":false,"primitive":true,"enum":false,"collection":false,"complex":false,"geospatial":false},{"annotations":[],"valueType":"PRIMITIVE","value":"REG","type":null,"name":"parentName","operations":[],"null":false,"primitive":true,"enum":false,"collection":false,"complex":false,"geospatial":false},{"annotations":[],"valueType":"PRIMITIVE","value":"Space","type":null,"name":"parentType","operations":[],"null":false,"primitive":true,"enum":false,"collection":false,"complex":false,"geospatial":false}],"typeName":null,"navigationBindings":[]},{"annotations":[],"baseURI":null,"id":null,"title":null,"associationLinks":[],"navigationLinks":[],"value":[{"annotations":[],"valueType":"PRIMITIVE","value":"3JOG62oscbkheAPqilzYWp","type":null,"name":"parentId","operations":[],"null":false,"primitive":true,"enum":false,"collection":false,"complex":false,"geospatial":false},{"annotations":[],"valueType":"PRIMITIVE","value":"SAP_Data_migration","type":null,"name":"parentName","operations":[],"null":false,"primitive":true,"enum":false,"collection":false,"complex":false,"geospatial":false},{"annotations":[],"valueType":"PRIMITIVE","value":"Project","type":null,"name":"parentType","operations":[],"null":false,"primitive":true,"enum":false,"collection":false,"complex":false,"geospatial":false}],"typeName":null,"navigationBindings":[]}],"type":null,"name":"parentInfo","operations":[],"null":false,"primitive":false,"enum":false,"collection":true,"complex":true,"geospatial":false}],"mediaContentSource":null,"mediaContentType":null,"mediaETag":null,"etag":null,"selfLink":null,"mediaEntity":false,"navigationBindings":[]}