objectPath,objectName,objectType,id
/Explore/SAP_Data_migration/O2C,m_projects_customer_output_bkp,DTEMPLATE,7gbAXS7rNBmf7jkmWxmvuI
/Explore/SAP_Data_migration/O2C,m_projects_customer_output,DTEMPLATE,7tJEPU0yzinhSHfYAB6qsQ
/Explore/SAP_Data_migration,O2C,Folder,gELRTS4zkaLkPvtPKUSk8z
/Explore/SAP_Data_migration/O2C,m_projects_customer_sqlserver,DTEMPLATE,8j0QYXDVRm9bKhtWwoCSS7
/Explore/SAP_Data_migration/O2C,mt_customer_output,MTT,5QH95245lkZdSOaibpz3gT
/Explore/SAP_Data_migration/O2C,m_customer_dedup,DTEMPLATE,5hALBEsiJeJbahuz5L6oO3
/Explore/SAP_Data_migration/O2C,m_customer_sqlserver,DTEMPLATE,1qRhSrbGF3OeK3OShWK9aq
/Explore/SAP_Data_migration/O2C,mt_customer_sqlserver,MTT,5sV3WeCJlEEcHIGNfqZf4U
/Explore,SAP_Data_migration,Project,3JOG62oscbkheAPqilzYWp
/Explore/SAP_Data_migration/O2C,tf_customer,TASKFLOW,cUYsRWV8MkYiDOWZ7GQsa4
/Explore/SAP_Data_migration/O2C,m_customer_output,DTEMPLATE,3CGSIhAC2t1j698d1KCss3