{
  "name" : "O2C-1758105425697",
  "sourceOrgId" : "f88JNmDAe05jdSSayUb5gx",
  "sourceOrgName" : "Vistra Group.QA",
  "exportedObjects" : [ {
    "objectGuid" : "7gbAXS7rNBmf7jkmWxmvuI",
    "objectName" : "m_projects_customer_output_bkp",
    "objectType" : "DTEMPLATE",
    "path" : "/Explore/SAP_Data_migration/O2C",
    "metadata" : {
      "modelVersion" : {
        "major" : 0,
        "minor" : 0
      },
      "repoInfo" : {
        "repoHandle" : "011FZB170000000000CZ"
      },
      "objectRefs" : [ "2gvo7muCjKikhLYqEMxC4c", "0bAIHLvhE0wjIgqWb4Q6Gd" ],
      "contextAttributes" : [ {
        "name" : "id",
        "value" : "@1"
      } ],
      "additionalInfo" : {
        "description" : "",
        "contentType" : null,
        "documentState" : "VALID"
      }
    }
  }, {
    "objectGuid" : "2gvo7muCjKikhLYqEMxC4c",
    "objectName" : "SAP_DM_DEV_SQL",
    "objectType" : "Connection",
    "path" : "/SYS",
    "metadata" : {
      "modelVersion" : {
        "major" : 0,
        "minor" : 0
      },
      "repoInfo" : {
        "repoHandle" : "011FZB0B00000000002K"
      },
      "objectRefs" : [ ],
      "contextAttributes" : null,
      "additionalInfo" : {
        "description" : "SQL Server connection for SAP Data migration DEV",
        "contentType" : "JSON",
        "documentState" : "COMPLETE"
      }
    }
  }, {
    "objectGuid" : "7tJEPU0yzinhSHfYAB6qsQ",
    "objectName" : "m_projects_customer_output",
    "objectType" : "DTEMPLATE",
    "path" : "/Explore/SAP_Data_migration/O2C",
    "metadata" : {
      "modelVersion" : {
        "major" : 0,
        "minor" : 0
      },
      "repoInfo" : {
        "repoHandle" : "011FZB170000000000CS"
      },
      "objectRefs" : [ "2gvo7muCjKikhLYqEMxC4c", "0bAIHLvhE0wjIgqWb4Q6Gd" ],
      "contextAttributes" : [ {
        "name" : "id",
        "value" : "@1"
      } ],
      "additionalInfo" : {
        "description" : "",
        "contentType" : "JSON",
        "documentState" : "VALID"
      }
    }
  }, {
    "objectGuid" : "gELRTS4zkaLkPvtPKUSk8z",
    "objectName" : "O2C",
    "objectType" : "Folder",
    "path" : "/Explore/SAP_Data_migration",
    "metadata" : {
      "modelVersion" : {
        "major" : 0,
        "minor" : 0
      },
      "repoInfo" : null,
      "objectRefs" : [ ],
      "contextAttributes" : [ ],
      "additionalInfo" : {
        "description" : "Folder for O2C",
        "contentType" : "Binary",
        "documentState" : "COMPLETE"
      }
    }
  }, {
    "objectGuid" : "1Dzap87NwIjbXIKQvLumkV",
    "objectName" : "SRVAWSDVIPQAG11",
    "objectType" : "AgentGroup",
    "path" : "/SYS",
    "metadata" : {
      "modelVersion" : {
        "major" : 0,
        "minor" : 0
      },
      "repoInfo" : {
        "repoHandle" : "011FZB25000000000070"
      },
      "objectRefs" : [ ],
      "contextAttributes" : null,
      "additionalInfo" : {
        "description" : "SAP S/4 Programme Team using this Secure Agent Server\n",
        "contentType" : "JSON",
        "documentState" : "VALID"
      }
    }
  }, {
    "objectGuid" : "8j0QYXDVRm9bKhtWwoCSS7",
    "objectName" : "m_projects_customer_sqlserver",
    "objectType" : "DTEMPLATE",
    "path" : "/Explore/SAP_Data_migration/O2C",
    "metadata" : {
      "modelVersion" : {
        "major" : 0,
        "minor" : 0
      },
      "repoInfo" : {
        "repoHandle" : "011FZB170000000000CR"
      },
      "objectRefs" : [ "2gvo7muCjKikhLYqEMxC4c", "5FSQWYnMSJQiovBIB85CiN" ],
      "contextAttributes" : [ {
        "name" : "id",
        "value" : "@1"
      } ],
      "additionalInfo" : {
        "description" : "",
        "contentType" : "JSON",
        "documentState" : "VALID"
      }
    }
  }, {
    "objectGuid" : "5QH95245lkZdSOaibpz3gT",
    "objectName" : "mt_customer_output",
    "objectType" : "MTT",
    "path" : "/Explore/SAP_Data_migration/O2C",
    "metadata" : {
      "modelVersion" : {
        "major" : 0,
        "minor" : 0
      },
      "repoInfo" : {
        "repoHandle" : "011FZB0Z0000000000A1"
      },
      "objectRefs" : [ "2gvo7muCjKikhLYqEMxC4c", "1Dzap87NwIjbXIKQvLumkV", "3CGSIhAC2t1j698d1KCss3", "0bAIHLvhE0wjIgqWb4Q6Gd" ],
      "contextAttributes" : [ {
        "name" : "id",
        "value" : "@1"
      } ],
      "additionalInfo" : {
        "description" : null,
        "contentType" : "JSON",
        "documentState" : "VALID"
      }
    }
  }, {
    "objectGuid" : "5hALBEsiJeJbahuz5L6oO3",
    "objectName" : "m_customer_dedup",
    "objectType" : "DTEMPLATE",
    "path" : "/Explore/SAP_Data_migration/O2C",
    "metadata" : {
      "modelVersion" : {
        "major" : 0,
        "minor" : 0
      },
      "repoInfo" : {
        "repoHandle" : "011FZB170000000000CV"
      },
      "objectRefs" : [ "2gvo7muCjKikhLYqEMxC4c", "5FSQWYnMSJQiovBIB85CiN" ],
      "contextAttributes" : [ {
        "name" : "id",
        "value" : "@1"
      } ],
      "additionalInfo" : {
        "description" : "",
        "contentType" : "JSON",
        "documentState" : "VALID"
      }
    }
  }, {
    "objectGuid" : "1qRhSrbGF3OeK3OShWK9aq",
    "objectName" : "m_customer_sqlserver",
    "objectType" : "DTEMPLATE",
    "path" : "/Explore/SAP_Data_migration/O2C",
    "metadata" : {
      "modelVersion" : {
        "major" : 0,
        "minor" : 0
      },
      "repoInfo" : {
        "repoHandle" : "011FZB170000000000CQ"
      },
      "objectRefs" : [ "2gvo7muCjKikhLYqEMxC4c", "5FSQWYnMSJQiovBIB85CiN" ],
      "contextAttributes" : [ {
        "name" : "id",
        "value" : "@1"
      } ],
      "additionalInfo" : {
        "description" : "",
        "contentType" : "JSON",
        "documentState" : "VALID"
      }
    }
  }, {
    "objectGuid" : "5sV3WeCJlEEcHIGNfqZf4U",
    "objectName" : "mt_customer_sqlserver",
    "objectType" : "MTT",
    "path" : "/Explore/SAP_Data_migration/O2C",
    "metadata" : {
      "modelVersion" : {
        "major" : 0,
        "minor" : 0
      },
      "repoInfo" : {
        "repoHandle" : "011FZB0Z0000000000A0"
      },
      "objectRefs" : [ "2gvo7muCjKikhLYqEMxC4c", "1qRhSrbGF3OeK3OShWK9aq", "5FSQWYnMSJQiovBIB85CiN", "1Dzap87NwIjbXIKQvLumkV" ],
      "contextAttributes" : [ {
        "name" : "id",
        "value" : "@1"
      } ],
      "additionalInfo" : {
        "description" : null,
        "contentType" : "JSON",
        "documentState" : "VALID"
      }
    }
  }, {
    "objectGuid" : "5FSQWYnMSJQiovBIB85CiN",
    "objectName" : "SAP_V1_Input_file",
    "objectType" : "Connection",
    "path" : "/SYS",
    "metadata" : {
      "modelVersion" : {
        "major" : 0,
        "minor" : 0
      },
      "repoInfo" : {
        "repoHandle" : "011FZB0B00000000002F"
      },
      "objectRefs" : [ ],
      "contextAttributes" : null,
      "additionalInfo" : {
        "description" : "SAP Enterprise Version 1 Input file",
        "contentType" : "JSON",
        "documentState" : "COMPLETE"
      }
    }
  }, {
    "objectGuid" : "3JOG62oscbkheAPqilzYWp",
    "objectName" : "SAP_Data_migration",
    "objectType" : "Project",
    "path" : "/Explore",
    "metadata" : {
      "modelVersion" : {
        "major" : 0,
        "minor" : 0
      },
      "repoInfo" : null,
      "objectRefs" : [ ],
      "contextAttributes" : [ ],
      "additionalInfo" : {
        "description" : "27/06/2025- New for SAP Data migration",
        "contentType" : "Binary",
        "documentState" : "COMPLETE"
      }
    }
  }, {
    "objectGuid" : "cUYsRWV8MkYiDOWZ7GQsa4",
    "objectName" : "tf_customer",
    "objectType" : "TASKFLOW",
    "path" : "/Explore/SAP_Data_migration/O2C",
    "metadata" : {
      "modelVersion" : {
        "major" : 1,
        "minor" : 0
      },
      "repoInfo" : {
        "repoHandle" : "FuR55aaabdqpw0V-gt-30961452-2025-09-09T10:13:23.513Z::tf.xml"
      },
      "objectRefs" : [ "5sV3WeCJlEEcHIGNfqZf4U", "5QH95245lkZdSOaibpz3gT" ],
      "contextAttributes" : null,
      "additionalInfo" : {
        "description" : "",
        "contentType" : "application/json; charset=utf-8",
        "documentState" : "VALID"
      }
    }
  }, {
    "objectGuid" : "3CGSIhAC2t1j698d1KCss3",
    "objectName" : "m_customer_output",
    "objectType" : "DTEMPLATE",
    "path" : "/Explore/SAP_Data_migration/O2C",
    "metadata" : {
      "modelVersion" : {
        "major" : 0,
        "minor" : 0
      },
      "repoInfo" : {
        "repoHandle" : "011FZB170000000000CP"
      },
      "objectRefs" : [ "2gvo7muCjKikhLYqEMxC4c", "0bAIHLvhE0wjIgqWb4Q6Gd" ],
      "contextAttributes" : [ {
        "name" : "id",
        "value" : "@1"
      } ],
      "additionalInfo" : {
        "description" : "",
        "contentType" : "JSON",
        "documentState" : "VALID"
      }
    }
  }, {
    "objectGuid" : "0bAIHLvhE0wjIgqWb4Q6Gd",
    "objectName" : "SAP_FLAT_FILE_WRITE",
    "objectType" : "Connection",
    "path" : "/SYS",
    "metadata" : {
      "modelVersion" : {
        "major" : 0,
        "minor" : 0
      },
      "repoInfo" : {
        "repoHandle" : "011FZB0B00000000003F"
      },
      "objectRefs" : [ ],
      "contextAttributes" : null,
      "additionalInfo" : {
        "description" : null,
        "contentType" : "JSON",
        "documentState" : "COMPLETE"
      }
    }
  } ]
}