objectPath,objectName,objectType,id
/Explore/SAP_Data_migration/ANAND_POC,Mapping7,DTEMPLATE,9o2uEkNplBgi7VF0gpxraX
/Explore/SAP_Data_migration/O2C,m_projects_customer_output,DTEMPLATE,7tJEPU0yzinhSHfYAB6qsQ
/Explore/SAP_Data_migration,ANAND_POC,Folder,3slps80zOKxkoHxAJ54qWC
/Explore/SAP_Data_migration,CD,Folder,9Be6Pdk418xe6QbCMKIeia
/Explore/SAP_Data_migration/R2R,mtt_AP_open_items,MTT,5tIK9QnWeTEg9SKe5gL68U
/Explore/SAP_Data_migration,Test_Mapping,DTEMPLATE,5NyGNFlxPmEfLUMN2tMse3
/Explore/SAP_Data_migration/R2R,mtt_Fixed_asset_Master,MTT,ayNL74xrHZJjAbYcsQ0w6C
/SYS,SAP_FLAT_FILE_READ,Connection,dtfAKfcspiIiCqyTQYewOf
/SYS,SAP_IN_Look_up,Connection,bSPTz5kfD4wbL4T8CWtKQW
/Explore/SAP_Data_migration/ANAND_POC,XML,HSCHEMA,3pvjIEXXZWLjOWZExV1let
/Explore/SAP_Data_migration/O2C,m_customer_sqlserver,DTEMPLATE,1qRhSrbGF3OeK3OShWK9aq
/SYS,SAP_IN_PROFIT_CENTER,Connection,atv206PzFgfiL73BdwdouB
/Explore/SAP_Data_migration/Template,mt_csv_sqlserver,MTT,ha91I5hofsSgn1Gl3ai2Go
/Explore/SAP_Data_migration/R2R,M_gl_line_item_mapping,DTEMPLATE,jSbXxWUDfK9fQmKtPh5zwl
/SYS,C_EXCEL_WRITE,Connection,42lyuLwgK6uhGZTZajVYIf
/Explore/SAP_Data_migration/ANAND_POC,ism_sample_file,STRUCTURE_DISCOVERY,6YYCXmPTVSrlty0lct9juf
/Explore/SAP_Data_migration/ANAND_POC,m_activity_types-Advanced,AtScaleDTemplate,kv6XgPkwAW1jNVvsKAsnUS
/Explore/SAP_Data_migration/ANAND_POC,excel_structure_parser,STRUCTURE_DISCOVERY,78CGKNmXdMwbtN2N88xIcZ
/SYS,C_EXCEL_READ_OLD,Connection,3ribft3s2UpcSAFWdJFLCQ
/Explore/SAP_Data_migration/ANAND_POC,m_activity_types,DTEMPLATE,8aDE4hHJuydidy3TMEfE25
/Explore/SAP_Data_migration/R2R,m_profit_center,DTEMPLATE,22FVt0Wn67ogiAxuhy2DMU
/Explore/SAP_Data_migration/R2R,m_supplier_purchase_order,DTEMPLATE,2kVaD4e1HZFimvY3fKomev
/SYS,SAP_V1_Output_file,Connection,jXayLuLj5AJdPzcV7ZrK8P
/Explore/SAP_Data_migration/R2R,m_fixed_asset,DTEMPLATE,4MfBrR5lJ8PdbfV0qdTNqY
/Explore/SAP_Data_migration,O2C,Folder,gELRTS4zkaLkPvtPKUSk8z
/Explore/SAP_Data_migration/ANAND_POC,XML,DTEMPLATE,4yemf52KHJJklhIhrtnCIE
/SYS,SAP_IN_ACTIVITY_TYPE,Connection,2uusbwwRXNTcsciXP6JvQL
/SYS,SRVAWSDVIPQAG11,AgentGroup,1Dzap87NwIjbXIKQvLumkV
/Explore/SAP_Data_migration/R2R,m_AP_open_items,DTEMPLATE,gnbnEqgr4uIlDn0wVKmiAJ
/Explore/SAP_Data_migration/R2R,m_supplier_bank_accounts,DTEMPLATE,8vz9uiAh4WXgT6ZqNd6oys
/Explore/SAP_Data_migration/ANAND_POC,Mapping6,DTEMPLATE,9HB3dtsvt2PcrERLLe21a2
/Explore/SAP_Data_migration/ANAND_POC,tf_convert_excel_csv,TASKFLOW,5he4sPBOVUQlpSrwH4PIUj
/Explore/SAP_Data_migration/O2C,m_customer_output,DTEMPLATE,3CGSIhAC2t1j698d1KCss3
/Explore/SAP_Data_migration,P2P,Folder,aAH8yqkniwxey6m4Kuvvir
/Explore/SAP_Data_migration,R2R,Folder,aV7LuYmiQC4j0elDvPynYd
/Explore/SAP_Data_migration/UDF,UDF_ISSTRING,UDF,4eUadPpA1f5bGGuARzJ5kU
/Explore/SAP_Data_migration/R2R,m_AR_open_Items,DTEMPLATE,aTiqG09FfqQd4l63BugRgO
/Explore/SAP_Data_migration/R2R,ISM_GL_Line_item,STRUCTURE_DISCOVERY,1zj9HmkDgWNfEwT2eXnp8V
/Explore/SAP_Data_migration/R2R,m_activity_types,DTEMPLATE,1dQQQfQ8E2GeQPzdzel8AW
/SYS,SAP_IN_AP_Open_items,Connection,kD3CwPirGIwiBDHesAEaCp
/Explore/SAP_Data_migration/ANAND_POC,mt_template,MTT,8W20RArWdoxjbTbiWcdJ4m
/SYS,SAP_IN_AR_OPEN_ITEMS,Connection,aeQyYwiarnkgX6DmTz0Nwg
/Explore,SAP_Data_migration,Project,3JOG62oscbkheAPqilzYWp
/SYS,SAP_V1_Input_file,Connection,5FSQWYnMSJQiovBIB85CiN
/Explore/SAP_Data_migration/R2R,m_supplier_company_code,DTEMPLATE,7WpPdbdqKJtkewAJQS6Bkj
/SYS,SAP_FLAT_FILE_WRITE,Connection,0bAIHLvhE0wjIgqWb4Q6Gd
/SYS,SAP_IN_GL_ACCOUNTS_COMPANY_CODE,Connection,6ArdEaycfGUk9ZSCP1maIg
/Explore/SAP_Data_migration/R2R,m_GL_accounts_by_Company_code,DTEMPLATE,1RlRJtdybuYdXs7AYjK0cT
/SYS,SAP_DM_DEV_SQL,Connection,2gvo7muCjKikhLYqEMxC4c
/Explore/SAP_Data_migration/ANAND_POC,tf_python,TASKFLOW,4gOGIj1tvKZcMM2WenVwQY
/Explore/SAP_Data_migration/R2R,ISM_GL_Trial_Balance,STRUCTURE_DISCOVERY,aEvHdioxDYWj140du8HBeR
/Explore/SAP_Data_migration/R2R,m_Supplier,DTEMPLATE,53s9ZWstKPngh8avwzniCe
/Explore/SAP_Data_migration,UDF,Folder,9rwzEKhp3NlgvZiCJ8esO7
/Explore/SAP_Data_migration/R2R,m_gl_Trial_balance,DTEMPLATE,6TIQ8WbPF0Bd96XzNVDQ0R
/Explore/SAP_Data_migration/O2C,m_projects_customer_sqlserver,DTEMPLATE,8j0QYXDVRm9bKhtWwoCSS7
/Explore/SAP_Data_migration/ANAND_POC,mt_Activity_Types_Anand,MTT,6Z0CYmCWZc3dcpI5lpe66P
/Explore/SAP_Data_migration/UDF,UDF_EMAIL,UDF,4m5DiZob4hQbNFOWStL5a9
/Explore/SAP_Data_migration/Template,m_csv_sqlserver,DTEMPLATE,f9Chundicu2eWw8jO6hXgC
/Explore/SAP_Data_migration/R2R,mtt_AR_OpenItems,MTT,8ASIxjX3RVPf6tlPBtoDKC
/Explore/SAP_Data_migration,Template,Folder,gZJOIwRW7mCcaCNeqDIgqA
/Explore/SAP_Data_migration/UDF,UDF_LKP,UDF,1RZ0i069OIni5hMwCaFaiH
/Explore/SAP_Data_migration/R2R,m_supplier_general,DTEMPLATE,eXSkpkBo8CDe0vL2LxWy4X