{
  "name" : "SAP_Data_migration-1769566435716",
  "sourceOrgId" : "f88JNmDAe05jdSSayUb5gx",
  "sourceOrgName" : "Vistra Group.QA",
  "exportedObjects" : [ {
    "objectGuid" : "20biv1PEK9skF8yMuWpgue",
    "objectName" : "m_DM006_fixed_asset - Final - Copy 1",
    "objectType" : "DTEMPLATE",
    "path" : "/Explore/SAP_Data_migration/R2R",
    "providerName" : null,
    "metadata" : {
      "modelVersion" : {
        "major" : 0,
        "minor" : 0
      },
      "repoInfo" : {
        "repoHandle" : "011FZB170000000000EI"
      },
      "objectRefs" : [ "2gvo7muCjKikhLYqEMxC4c", "jXayLuLj5AJdPzcV7ZrK8P", "5FSQWYnMSJQiovBIB85CiN", "1RZ0i069OIni5hMwCaFaiH", "bSPTz5kfD4wbL4T8CWtKQW" ],
      "contextAttributes" : [ {
        "name" : "id",
        "value" : "@1"
      } ],
      "additionalInfo" : {
        "description" : "30/07/2025 - C.N.Venkatasubramanian\n25/01/2026",
        "contentType" : null,
        "documentState" : "VALID"
      }
    }
  }, {
    "objectGuid" : "02jesoTNguilNqPN88sf2V",
    "objectName" : "m_WIP_Journal_sqlserver",
    "objectType" : "DTEMPLATE",
    "path" : "/Explore/SAP_Data_migration/Bharath_test",
    "providerName" : null,
    "metadata" : {
      "modelVersion" : {
        "major" : 0,
        "minor" : 0
      },
      "repoInfo" : {
        "repoHandle" : "011FZB170000000000E9"
      },
      "objectRefs" : [ "2gvo7muCjKikhLYqEMxC4c", "5FSQWYnMSJQiovBIB85CiN" ],
      "contextAttributes" : [ {
        "name" : "id",
        "value" : "@1"
      } ],
      "additionalInfo" : {
        "description" : "",
        "contentType" : "JSON",
        "documentState" : "VALID"
      }
    }
  }, {
    "objectGuid" : "3slps80zOKxkoHxAJ54qWC",
    "objectName" : "ANAND_POC",
    "objectType" : "Folder",
    "path" : "/Explore/SAP_Data_migration",
    "providerName" : null,
    "metadata" : {
      "modelVersion" : {
        "major" : 0,
        "minor" : 0
      },
      "repoInfo" : null,
      "objectRefs" : [ ],
      "contextAttributes" : [ ],
      "additionalInfo" : {
        "description" : "",
        "contentType" : "Binary",
        "documentState" : "COMPLETE"
      }
    }
  }, {
    "objectGuid" : "5NyGNFlxPmEfLUMN2tMse3",
    "objectName" : "Test_Mapping",
    "objectType" : "DTEMPLATE",
    "path" : "/Explore/SAP_Data_migration",
    "providerName" : null,
    "metadata" : {
      "modelVersion" : {
        "major" : 0,
        "minor" : 0
      },
      "repoInfo" : {
        "repoHandle" : "011FZB170000000000C6"
      },
      "objectRefs" : [ "jXayLuLj5AJdPzcV7ZrK8P", "5FSQWYnMSJQiovBIB85CiN" ],
      "contextAttributes" : [ {
        "name" : "id",
        "value" : "@1"
      } ],
      "additionalInfo" : {
        "description" : "This is a test mapping created on 2nd July 2025.",
        "contentType" : "JSON",
        "documentState" : "VALID"
      }
    }
  }, {
    "objectGuid" : "5tIK9QnWeTEg9SKe5gL68U",
    "objectName" : "mtt_AP_open_items",
    "objectType" : "MTT",
    "path" : "/Explore/SAP_Data_migration/R2R",
    "providerName" : null,
    "metadata" : {
      "modelVersion" : {
        "major" : 0,
        "minor" : 0
      },
      "repoInfo" : {
        "repoHandle" : "011FZB0Z000000000094"
      },
      "objectRefs" : [ "2gvo7muCjKikhLYqEMxC4c", "kD3CwPirGIwiBDHesAEaCp", "jXayLuLj5AJdPzcV7ZrK8P", "1Dzap87NwIjbXIKQvLumkV", "gnbnEqgr4uIlDn0wVKmiAJ" ],
      "contextAttributes" : [ {
        "name" : "id",
        "value" : "@1"
      } ],
      "additionalInfo" : {
        "description" : "08/07/2025 C.N.Venkatasubramanian\nMapping Task for AP Open Items",
        "contentType" : "JSON",
        "documentState" : "VALID"
      }
    }
  }, {
    "objectGuid" : "dtfAKfcspiIiCqyTQYewOf",
    "objectName" : "SAP_FLAT_FILE_READ",
    "objectType" : "Connection",
    "path" : "/SYS",
    "providerName" : null,
    "metadata" : {
      "modelVersion" : {
        "major" : 0,
        "minor" : 0
      },
      "repoInfo" : {
        "repoHandle" : "011FZB0B000000000032"
      },
      "objectRefs" : [ "1Dzap87NwIjbXIKQvLumkV" ],
      "contextAttributes" : [ {
        "name" : "id",
        "value" : "@1"
      } ],
      "additionalInfo" : {
        "description" : null,
        "contentType" : "JSON",
        "documentState" : "COMPLETE"
      }
    }
  }, {
    "objectGuid" : "0eRI7PYev7cfbkPnGXkpmZ",
    "objectName" : "m_projects_customer_output_iipay",
    "objectType" : "DTEMPLATE",
    "path" : "/Explore/SAP_Data_migration/O2C",
    "providerName" : null,
    "metadata" : {
      "modelVersion" : {
        "major" : 0,
        "minor" : 0
      },
      "repoInfo" : {
        "repoHandle" : "011FZB170000000000DG"
      },
      "objectRefs" : [ "2gvo7muCjKikhLYqEMxC4c", "3e7MsmCtmkddWJfiOhxW06", "0bAIHLvhE0wjIgqWb4Q6Gd" ],
      "contextAttributes" : [ {
        "name" : "id",
        "value" : "@1"
      } ],
      "additionalInfo" : {
        "description" : "",
        "contentType" : "JSON",
        "documentState" : "VALID"
      }
    }
  }, {
    "objectGuid" : "6srxJCa3LmKiP3h4cH4dUS",
    "objectName" : "m_SAP_IN_WP_LEGACY_TO_NEW_output_File",
    "objectType" : "DTEMPLATE",
    "path" : "/Explore/SAP_Data_migration/Bharath_test",
    "providerName" : null,
    "metadata" : {
      "modelVersion" : {
        "major" : 0,
        "minor" : 0
      },
      "repoInfo" : {
        "repoHandle" : "011FZB170000000000DW"
      },
      "objectRefs" : [ "2gvo7muCjKikhLYqEMxC4c", "jXayLuLj5AJdPzcV7ZrK8P" ],
      "contextAttributes" : [ {
        "name" : "id",
        "value" : "@1"
      } ],
      "additionalInfo" : {
        "description" : "",
        "contentType" : "JSON",
        "documentState" : "VALID"
      }
    }
  }, {
    "objectGuid" : "bSPTz5kfD4wbL4T8CWtKQW",
    "objectName" : "SAP_IN_Look_up",
    "objectType" : "Connection",
    "path" : "/SYS",
    "providerName" : null,
    "metadata" : {
      "modelVersion" : {
        "major" : 0,
        "minor" : 0
      },
      "repoInfo" : {
        "repoHandle" : "011FZB0B00000000003H"
      },
      "objectRefs" : [ "1Dzap87NwIjbXIKQvLumkV" ],
      "contextAttributes" : [ {
        "name" : "id",
        "value" : "@1"
      } ],
      "additionalInfo" : {
        "description" : "Input Look up Values",
        "contentType" : "JSON",
        "documentState" : "COMPLETE"
      }
    }
  }, {
    "objectGuid" : "8gMxeZWccFKeyOVkZTUbAk",
    "objectName" : "m_Legacy_To_New_WP_Billing_item_update - Copy 1",
    "objectType" : "DTEMPLATE",
    "path" : "/Explore/SAP_Data_migration/Bharath_test",
    "providerName" : null,
    "metadata" : {
      "modelVersion" : {
        "major" : 0,
        "minor" : 0
      },
      "repoInfo" : {
        "repoHandle" : "011FZB170000000000E8"
      },
      "objectRefs" : [ "2gvo7muCjKikhLYqEMxC4c" ],
      "contextAttributes" : [ {
        "name" : "id",
        "value" : "@1"
      } ],
      "additionalInfo" : {
        "description" : "",
        "contentType" : "JSON",
        "documentState" : "VALID"
      }
    }
  }, {
    "objectGuid" : "gDPyeBOVuqhij8ct1Df4gu",
    "objectName" : "Mapping15",
    "objectType" : "DTEMPLATE",
    "path" : "/Explore/SAP_Data_migration/Bharath_test",
    "providerName" : null,
    "metadata" : {
      "modelVersion" : {
        "major" : 0,
        "minor" : 0
      },
      "repoInfo" : {
        "repoHandle" : "011FZB170000000000DT"
      },
      "objectRefs" : [ "jXayLuLj5AJdPzcV7ZrK8P" ],
      "contextAttributes" : [ {
        "name" : "id",
        "value" : "@1"
      } ],
      "additionalInfo" : {
        "description" : "",
        "contentType" : "JSON",
        "documentState" : "INVALID"
      }
    }
  }, {
    "objectGuid" : "1qRhSrbGF3OeK3OShWK9aq",
    "objectName" : "m_customer_sqlserver",
    "objectType" : "DTEMPLATE",
    "path" : "/Explore/SAP_Data_migration/O2C",
    "providerName" : null,
    "metadata" : {
      "modelVersion" : {
        "major" : 0,
        "minor" : 0
      },
      "repoInfo" : {
        "repoHandle" : "011FZB170000000000CQ"
      },
      "objectRefs" : [ "2gvo7muCjKikhLYqEMxC4c", "5FSQWYnMSJQiovBIB85CiN" ],
      "contextAttributes" : [ {
        "name" : "id",
        "value" : "@1"
      } ],
      "additionalInfo" : {
        "description" : "",
        "contentType" : "JSON",
        "documentState" : "VALID"
      }
    }
  }, {
    "objectGuid" : "atv206PzFgfiL73BdwdouB",
    "objectName" : "SAP_IN_PROFIT_CENTER",
    "objectType" : "Connection",
    "path" : "/SYS",
    "providerName" : null,
    "metadata" : {
      "modelVersion" : {
        "major" : 0,
        "minor" : 0
      },
      "repoInfo" : {
        "repoHandle" : "011FZB0B00000000002O"
      },
      "objectRefs" : [ "1Dzap87NwIjbXIKQvLumkV" ],
      "contextAttributes" : [ {
        "name" : "id",
        "value" : "@1"
      } ],
      "additionalInfo" : {
        "description" : "SAP Profit Center file",
        "contentType" : "JSON",
        "documentState" : "COMPLETE"
      }
    }
  }, {
    "objectGuid" : "5sV3WeCJlEEcHIGNfqZf4U",
    "objectName" : "mt_customer_sqlserver",
    "objectType" : "MTT",
    "path" : "/Explore/SAP_Data_migration/Archive",
    "providerName" : null,
    "metadata" : {
      "modelVersion" : {
        "major" : 0,
        "minor" : 0
      },
      "repoInfo" : {
        "repoHandle" : "011FZB0Z0000000000A0"
      },
      "objectRefs" : [ "2gvo7muCjKikhLYqEMxC4c", "1qRhSrbGF3OeK3OShWK9aq", "5FSQWYnMSJQiovBIB85CiN", "1Dzap87NwIjbXIKQvLumkV" ],
      "contextAttributes" : [ {
        "name" : "id",
        "value" : "@1"
      } ],
      "additionalInfo" : {
        "description" : null,
        "contentType" : "JSON",
        "documentState" : "VALID"
      }
    }
  }, {
    "objectGuid" : "42lyuLwgK6uhGZTZajVYIf",
    "objectName" : "C_EXCEL_WRITE",
    "objectType" : "Connection",
    "path" : "/SYS",
    "providerName" : null,
    "metadata" : {
      "modelVersion" : {
        "major" : 0,
        "minor" : 0
      },
      "repoInfo" : {
        "repoHandle" : "011FZB0B00000000002V"
      },
      "objectRefs" : [ "1Dzap87NwIjbXIKQvLumkV" ],
      "contextAttributes" : [ {
        "name" : "id",
        "value" : "@1"
      } ],
      "additionalInfo" : {
        "description" : null,
        "contentType" : "JSON",
        "documentState" : "COMPLETE"
      }
    }
  }, {
    "objectGuid" : "d5QsfCBQ0c0jLzOEEpfQw6",
    "objectName" : "m_projects_customer_output_us_ca",
    "objectType" : "DTEMPLATE",
    "path" : "/Explore/SAP_Data_migration/O2C",
    "providerName" : null,
    "metadata" : {
      "modelVersion" : {
        "major" : 0,
        "minor" : 0
      },
      "repoInfo" : {
        "repoHandle" : "011FZB170000000000DI"
      },
      "objectRefs" : [ "2gvo7muCjKikhLYqEMxC4c", "0bAIHLvhE0wjIgqWb4Q6Gd" ],
      "contextAttributes" : [ {
        "name" : "id",
        "value" : "@1"
      } ],
      "additionalInfo" : {
        "description" : "",
        "contentType" : "JSON",
        "documentState" : "VALID"
      }
    }
  }, {
    "objectGuid" : "6YYCXmPTVSrlty0lct9juf",
    "objectName" : "ism_sample_file",
    "objectType" : "STRUCTURE_DISCOVERY",
    "path" : "/Explore/SAP_Data_migration/ANAND_POC",
    "providerName" : null,
    "metadata" : {
      "modelVersion" : {
        "major" : 0,
        "minor" : 0
      },
      "repoInfo" : {
        "repoHandle" : "011FZB30000000000003"
      },
      "objectRefs" : [ ],
      "contextAttributes" : [ {
        "name" : "id",
        "value" : "@1"
      } ],
      "additionalInfo" : {
        "description" : "Auto generated from file AP_open_Items_v3.xlsx.",
        "contentType" : "JSON",
        "documentState" : "VALID"
      }
    }
  }, {
    "objectGuid" : "iYuGiIIBP6tboZ7dkfGXSA",
    "objectName" : "m_DM023_gl_Trial_balance_Large_files",
    "objectType" : "DTEMPLATE",
    "path" : "/Explore/SAP_Data_migration/R2R",
    "providerName" : null,
    "metadata" : {
      "modelVersion" : {
        "major" : 0,
        "minor" : 0
      },
      "repoInfo" : {
        "repoHandle" : "011FZB170000000000D0"
      },
      "objectRefs" : [ "2gvo7muCjKikhLYqEMxC4c", "jXayLuLj5AJdPzcV7ZrK8P", "5FSQWYnMSJQiovBIB85CiN", "1RZ0i069OIni5hMwCaFaiH", "bSPTz5kfD4wbL4T8CWtKQW" ],
      "contextAttributes" : [ {
        "name" : "id",
        "value" : "@1"
      } ],
      "additionalInfo" : {
        "description" : "Mapping for Loading Trial Balance\n26/11/2025 - Mapping Changes for Banks",
        "contentType" : "JSON",
        "documentState" : "VALID"
      }
    }
  }, {
    "objectGuid" : "0LoKbAWDP1bcIcrpHoOnma",
    "objectName" : "m_DM900_ZB01_Pricing_condition_AdminFee",
    "objectType" : "DTEMPLATE",
    "path" : "/Explore/SAP_Data_migration/Bharath_test",
    "providerName" : null,
    "metadata" : {
      "modelVersion" : {
        "major" : 0,
        "minor" : 0
      },
      "repoInfo" : {
        "repoHandle" : "011FZB170000000000E4"
      },
      "objectRefs" : [ "2gvo7muCjKikhLYqEMxC4c", "jXayLuLj5AJdPzcV7ZrK8P", "5FSQWYnMSJQiovBIB85CiN" ],
      "contextAttributes" : [ {
        "name" : "id",
        "value" : "@1"
      } ],
      "additionalInfo" : {
        "description" : "",
        "contentType" : "JSON",
        "documentState" : "VALID"
      }
    }
  }, {
    "objectGuid" : "78CGKNmXdMwbtN2N88xIcZ",
    "objectName" : "excel_structure_parser",
    "objectType" : "STRUCTURE_DISCOVERY",
    "path" : "/Explore/SAP_Data_migration/ANAND_POC",
    "providerName" : null,
    "metadata" : {
      "modelVersion" : {
        "major" : 0,
        "minor" : 0
      },
      "repoInfo" : {
        "repoHandle" : "011FZB30000000000002"
      },
      "objectRefs" : [ ],
      "contextAttributes" : [ {
        "name" : "id",
        "value" : "@1"
      } ],
      "additionalInfo" : {
        "description" : "",
        "contentType" : "JSON",
        "documentState" : "VALID"
      }
    }
  }, {
    "objectGuid" : "3ribft3s2UpcSAFWdJFLCQ",
    "objectName" : "C_EXCEL_READ_OLD",
    "objectType" : "Connection",
    "path" : "/SYS",
    "providerName" : null,
    "metadata" : {
      "modelVersion" : {
        "major" : 0,
        "minor" : 0
      },
      "repoInfo" : {
        "repoHandle" : "011FZB0B00000000002W"
      },
      "objectRefs" : [ "1Dzap87NwIjbXIKQvLumkV" ],
      "contextAttributes" : [ {
        "name" : "id",
        "value" : "@1"
      } ],
      "additionalInfo" : {
        "description" : null,
        "contentType" : "JSON",
        "documentState" : "COMPLETE"
      }
    }
  }, {
    "objectGuid" : "aDmD643GEOjeu5YmkzigKI",
    "objectName" : "m_Viewpoint_Pricing_conditions_sql_server",
    "objectType" : "DTEMPLATE",
    "path" : "/Explore/SAP_Data_migration/O2C",
    "providerName" : null,
    "metadata" : {
      "modelVersion" : {
        "major" : 0,
        "minor" : 0
      },
      "repoInfo" : {
        "repoHandle" : "011FZB170000000000DR"
      },
      "objectRefs" : [ "2gvo7muCjKikhLYqEMxC4c", "5FSQWYnMSJQiovBIB85CiN" ],
      "contextAttributes" : [ {
        "name" : "id",
        "value" : "@1"
      } ],
      "additionalInfo" : {
        "description" : "",
        "contentType" : "JSON",
        "documentState" : "VALID"
      }
    }
  }, {
    "objectGuid" : "34R5oyv5A2BiMcxn4Btacx",
    "objectName" : "M_Legacy_pricing_csv_to_db",
    "objectType" : "DTEMPLATE",
    "path" : "/Explore/SAP_Data_migration/Bharath_test",
    "providerName" : null,
    "metadata" : {
      "modelVersion" : {
        "major" : 0,
        "minor" : 0
      },
      "repoInfo" : {
        "repoHandle" : "011FZB170000000000D9"
      },
      "objectRefs" : [ "2gvo7muCjKikhLYqEMxC4c", "5FSQWYnMSJQiovBIB85CiN" ],
      "contextAttributes" : [ {
        "name" : "id",
        "value" : "@1"
      } ],
      "additionalInfo" : {
        "description" : "",
        "contentType" : "JSON",
        "documentState" : "VALID"
      }
    }
  }, {
    "objectGuid" : "aBWjhP2Um1TcPwesHfakC7",
    "objectName" : "M_Legacy_Pricing_Update_Mapping_1",
    "objectType" : "DTEMPLATE",
    "path" : "/Explore/SAP_Data_migration/Bharath_test",
    "providerName" : null,
    "metadata" : {
      "modelVersion" : {
        "major" : 0,
        "minor" : 0
      },
      "repoInfo" : {
        "repoHandle" : "011FZB170000000000DC"
      },
      "objectRefs" : [ "2gvo7muCjKikhLYqEMxC4c", "5FSQWYnMSJQiovBIB85CiN" ],
      "contextAttributes" : [ {
        "name" : "id",
        "value" : "@1"
      } ],
      "additionalInfo" : {
        "description" : "",
        "contentType" : "JSON",
        "documentState" : "VALID"
      }
    }
  }, {
    "objectGuid" : "1Dzap87NwIjbXIKQvLumkV",
    "objectName" : "SRVAWSDVIPQAG11",
    "objectType" : "AgentGroup",
    "path" : "/SYS",
    "providerName" : null,
    "metadata" : {
      "modelVersion" : {
        "major" : 0,
        "minor" : 0
      },
      "repoInfo" : {
        "repoHandle" : "011FZB25000000000070"
      },
      "objectRefs" : [ ],
      "contextAttributes" : [ {
        "name" : "id",
        "value" : "@1"
      } ],
      "additionalInfo" : {
        "description" : "SAP S/4 Programme Team using this Secure Agent Server\n",
        "contentType" : "JSON",
        "documentState" : "VALID"
      }
    }
  }, {
    "objectGuid" : "gnbnEqgr4uIlDn0wVKmiAJ",
    "objectName" : "m_AP_open_items",
    "objectType" : "DTEMPLATE",
    "path" : "/Explore/SAP_Data_migration/R2R",
    "providerName" : null,
    "metadata" : {
      "modelVersion" : {
        "major" : 0,
        "minor" : 0
      },
      "repoInfo" : {
        "repoHandle" : "011FZB170000000000C5"
      },
      "objectRefs" : [ "2gvo7muCjKikhLYqEMxC4c", "kD3CwPirGIwiBDHesAEaCp", "jXayLuLj5AJdPzcV7ZrK8P" ],
      "contextAttributes" : [ {
        "name" : "id",
        "value" : "@1"
      } ],
      "additionalInfo" : {
        "description" : "C.N.Venkatasubramanian\n14/07/2025 - Initial mapping Creation for AP Openitems.  \nSteps are\n1) AP Open items are downloaded from SAP S/4 Hana V1 enterprise. \n2) Downloaded the excel file and rename as AP_open_items.xsx\n3)  Mapping will read the excel file. Task name is SRC_Reading_Excel_File_AP_open_items\n4) Filters are used to restrict the data. Task name is Filter_by_company_code\n5) Transformation will Transform the Data into Required LTMC format\n6) Adding Sequence Number is automatic Generation of Sequence number\n7) ",
        "contentType" : "JSON",
        "documentState" : "VALID"
      }
    }
  }, {
    "objectGuid" : "0CKywXDC1yWi6GtbvTfD6f",
    "objectName" : "m_Viewpoint_Pricing_Conditions_process_Null_records",
    "objectType" : "DTEMPLATE",
    "path" : "/Explore/SAP_Data_migration/O2C",
    "providerName" : null,
    "metadata" : {
      "modelVersion" : {
        "major" : 0,
        "minor" : 0
      },
      "repoInfo" : {
        "repoHandle" : "011FZB170000000000DU"
      },
      "objectRefs" : [ "2gvo7muCjKikhLYqEMxC4c", "jXayLuLj5AJdPzcV7ZrK8P" ],
      "contextAttributes" : [ {
        "name" : "id",
        "value" : "@1"
      } ],
      "additionalInfo" : {
        "description" : "",
        "contentType" : "JSON",
        "documentState" : "VALID"
      }
    }
  }, {
    "objectGuid" : "juaYux1qboCj6wBjKTakqF",
    "objectName" : "m_fixed_asset_output",
    "objectType" : "DTEMPLATE",
    "path" : "/Explore/SAP_Data_migration/R2R",
    "providerName" : null,
    "metadata" : {
      "modelVersion" : {
        "major" : 0,
        "minor" : 0
      },
      "repoInfo" : {
        "repoHandle" : "011FZB170000000000EH"
      },
      "objectRefs" : [ "2gvo7muCjKikhLYqEMxC4c", "dtfAKfcspiIiCqyTQYewOf" ],
      "contextAttributes" : [ {
        "name" : "id",
        "value" : "@1"
      } ],
      "additionalInfo" : {
        "description" : "",
        "contentType" : "JSON",
        "documentState" : "VALID"
      }
    }
  }, {
    "objectGuid" : "kGE9OVmEOw3jl86swAvooH",
    "objectName" : "m_projects_customer_sqlserver_us_ca",
    "objectType" : "DTEMPLATE",
    "path" : "/Explore/SAP_Data_migration/O2C",
    "providerName" : null,
    "metadata" : {
      "modelVersion" : {
        "major" : 0,
        "minor" : 0
      },
      "repoInfo" : {
        "repoHandle" : "011FZB170000000000DH"
      },
      "objectRefs" : [ "2gvo7muCjKikhLYqEMxC4c", "5FSQWYnMSJQiovBIB85CiN" ],
      "contextAttributes" : [ {
        "name" : "id",
        "value" : "@1"
      } ],
      "additionalInfo" : {
        "description" : "",
        "contentType" : "JSON",
        "documentState" : "VALID"
      }
    }
  }, {
    "objectGuid" : "9HB3dtsvt2PcrERLLe21a2",
    "objectName" : "Mapping6",
    "objectType" : "DTEMPLATE",
    "path" : "/Explore/SAP_Data_migration/ANAND_POC",
    "providerName" : null,
    "metadata" : {
      "modelVersion" : {
        "major" : 0,
        "minor" : 0
      },
      "repoInfo" : {
        "repoHandle" : "011FZB170000000000CC"
      },
      "objectRefs" : [ "2gvo7muCjKikhLYqEMxC4c", "jXayLuLj5AJdPzcV7ZrK8P", "6YYCXmPTVSrlty0lct9juf" ],
      "contextAttributes" : [ {
        "name" : "id",
        "value" : "@1"
      } ],
      "additionalInfo" : {
        "description" : "",
        "contentType" : "JSON",
        "documentState" : "INVALID"
      }
    }
  }, {
    "objectGuid" : "5he4sPBOVUQlpSrwH4PIUj",
    "objectName" : "tf_convert_excel_csv",
    "objectType" : "TASKFLOW",
    "path" : "/Explore/SAP_Data_migration/ANAND_POC",
    "providerName" : null,
    "metadata" : {
      "modelVersion" : {
        "major" : 1,
        "minor" : 0
      },
      "repoInfo" : {
        "repoHandle" : "dx2CGeFRqXpIW7W-gt-24715912-2025-08-05T11:21:12.06Z::tf.xml"
      },
      "objectRefs" : [ "1Dzap87NwIjbXIKQvLumkV" ],
      "contextAttributes" : null,
      "additionalInfo" : {
        "description" : "",
        "contentType" : "application/json; charset=utf-8",
        "documentState" : "VALID"
      }
    }
  }, {
    "objectGuid" : "lGJe8GfNbW0eLCuYxvqPoA",
    "objectName" : "m_projects_customer_sqlserver_iipay",
    "objectType" : "DTEMPLATE",
    "path" : "/Explore/SAP_Data_migration/O2C",
    "providerName" : null,
    "metadata" : {
      "modelVersion" : {
        "major" : 0,
        "minor" : 0
      },
      "repoInfo" : {
        "repoHandle" : "011FZB170000000000DF"
      },
      "objectRefs" : [ "2gvo7muCjKikhLYqEMxC4c", "5FSQWYnMSJQiovBIB85CiN" ],
      "contextAttributes" : [ {
        "name" : "id",
        "value" : "@1"
      } ],
      "additionalInfo" : {
        "description" : "",
        "contentType" : "JSON",
        "documentState" : "VALID"
      }
    }
  }, {
    "objectGuid" : "7EKEGWrtTKYhpj2Cp0eCsK",
    "objectName" : "m_DM510_ZB01_Pricing_condition_AdminFee",
    "objectType" : "DTEMPLATE",
    "path" : "/Explore/SAP_Data_migration/Bharath_test",
    "providerName" : null,
    "metadata" : {
      "modelVersion" : {
        "major" : 0,
        "minor" : 0
      },
      "repoInfo" : {
        "repoHandle" : "011FZB170000000000E3"
      },
      "objectRefs" : [ "2gvo7muCjKikhLYqEMxC4c", "jXayLuLj5AJdPzcV7ZrK8P", "5FSQWYnMSJQiovBIB85CiN" ],
      "contextAttributes" : [ {
        "name" : "id",
        "value" : "@1"
      } ],
      "additionalInfo" : {
        "description" : "",
        "contentType" : "JSON",
        "documentState" : "VALID"
      }
    }
  }, {
    "objectGuid" : "8WbABdX4hG6ktL89R93f2n",
    "objectName" : "m_DM023_gl_Trial_balance -",
    "objectType" : "DTEMPLATE",
    "path" : "/Explore/SAP_Data_migration/R2R",
    "providerName" : null,
    "metadata" : {
      "modelVersion" : {
        "major" : 0,
        "minor" : 0
      },
      "repoInfo" : {
        "repoHandle" : "011FZB170000000000CY"
      },
      "objectRefs" : [ "2gvo7muCjKikhLYqEMxC4c", "jXayLuLj5AJdPzcV7ZrK8P", "5FSQWYnMSJQiovBIB85CiN", "1RZ0i069OIni5hMwCaFaiH", "bSPTz5kfD4wbL4T8CWtKQW" ],
      "contextAttributes" : [ {
        "name" : "id",
        "value" : "@1"
      } ],
      "additionalInfo" : {
        "description" : "14/10/2025 Mapping for Loading Trial Balance",
        "contentType" : "JSON",
        "documentState" : "VALID"
      }
    }
  }, {
    "objectGuid" : "13OEcb4tSa1hLXvpzVFaSL",
    "objectName" : "m_DM021_AP_open_items - Final",
    "objectType" : "DTEMPLATE",
    "path" : "/Explore/SAP_Data_migration/R2R",
    "providerName" : null,
    "metadata" : {
      "modelVersion" : {
        "major" : 0,
        "minor" : 0
      },
      "repoInfo" : {
        "repoHandle" : "011FZB170000000000ED"
      },
      "objectRefs" : [ "2gvo7muCjKikhLYqEMxC4c", "jXayLuLj5AJdPzcV7ZrK8P", "5FSQWYnMSJQiovBIB85CiN", "1RZ0i069OIni5hMwCaFaiH", "bSPTz5kfD4wbL4T8CWtKQW" ],
      "contextAttributes" : [ {
        "name" : "id",
        "value" : "@1"
      } ],
      "additionalInfo" : {
        "description" : "C.N.Venkatasubramanian\n08/09/2025 - Initial mapping Creation for AP Open items.  \nSteps are\n1) AP Open items are downloaded from SAP S/4 Hana V1 enterprise. \n2) Downloaded the excel file and rename as AP_open_items.xsx \n3) Place Xlsx file in M:\\SAP\\Input\\R2R\\DM021_FI-AP Open Items\\Excel\n4) Using Python Script to convert excel into Text file. \n3)  Mapping will read the excel file. Task name is SRC_Reading_Excel_File_AP_open_items\n4) Filters are used to restrict the data. Task name is Filter_by_company_code\n5) Transformation will Transform the Data into Required LTMC format\n6) Adding Sequence Number is automatic Generation of Sequence number\n\n19/01/2026 - \n\n@Coimbatore Narayanan Venkatasubrmanian To support with AP OI Recon, please pre-fix the item text with the legacy supplier numbers. This is where\nV = No\nW = Update AP OI Text\nGet the legacy number from column L",
        "contentType" : "JSON",
        "documentState" : "VALID"
      }
    }
  }, {
    "objectGuid" : "3e7MsmCtmkddWJfiOhxW06",
    "objectName" : "SAP_IN_Look_up_2",
    "objectType" : "Connection",
    "path" : "/SYS",
    "providerName" : null,
    "metadata" : {
      "modelVersion" : {
        "major" : 0,
        "minor" : 0
      },
      "repoInfo" : {
        "repoHandle" : "011FZB0B00000000003K"
      },
      "objectRefs" : [ "1Dzap87NwIjbXIKQvLumkV" ],
      "contextAttributes" : [ {
        "name" : "id",
        "value" : "@1"
      } ],
      "additionalInfo" : {
        "description" : "Input Look up Values",
        "contentType" : "JSON",
        "documentState" : "COMPLETE"
      }
    }
  }, {
    "objectGuid" : "dDOR3mhr4a3f9DAIEKO2CT",
    "objectName" : "m_projects_customer_output_bkp_v2",
    "objectType" : "DTEMPLATE",
    "path" : "/Explore/SAP_Data_migration/O2C",
    "providerName" : null,
    "metadata" : {
      "modelVersion" : {
        "major" : 0,
        "minor" : 0
      },
      "repoInfo" : {
        "repoHandle" : "011FZB170000000000D2"
      },
      "objectRefs" : [ "2gvo7muCjKikhLYqEMxC4c", "0bAIHLvhE0wjIgqWb4Q6Gd" ],
      "contextAttributes" : [ {
        "name" : "id",
        "value" : "@1"
      } ],
      "additionalInfo" : {
        "description" : "",
        "contentType" : null,
        "documentState" : "VALID"
      }
    }
  }, {
    "objectGuid" : "aTiqG09FfqQd4l63BugRgO",
    "objectName" : "m_AR_open_Items",
    "objectType" : "DTEMPLATE",
    "path" : "/Explore/SAP_Data_migration/R2R",
    "providerName" : null,
    "metadata" : {
      "modelVersion" : {
        "major" : 0,
        "minor" : 0
      },
      "repoInfo" : {
        "repoHandle" : "011FZB170000000000C9"
      },
      "objectRefs" : [ "2gvo7muCjKikhLYqEMxC4c", "jXayLuLj5AJdPzcV7ZrK8P", "aeQyYwiarnkgX6DmTz0Nwg" ],
      "contextAttributes" : [ {
        "name" : "id",
        "value" : "@1"
      } ],
      "additionalInfo" : {
        "description" : "C.N.Venkatasubramanian\n15/07/2025 - Initial mapping Creation for AR Openitems.  \nSteps are\n1) AR Open items are downloaded from SAP S/4 Hana V1 enterprise. \n2) Downloaded the excel file and rename as AR_open_items.xsx\n3)  Mapping will read the excel file. Task name is SRC_Reading_Excel_File_AR_open_items\n4) Filters are used to restrict the data. Task name is Filter_by_company_code\n5) Transformation will Transform the Data into Required LTMC format\n6) Adding Sequence Number is automatic Generation of Sequence number",
        "contentType" : "JSON",
        "documentState" : "VALID"
      }
    }
  }, {
    "objectGuid" : "1zj9HmkDgWNfEwT2eXnp8V",
    "objectName" : "ISM_GL_Line_item",
    "objectType" : "STRUCTURE_DISCOVERY",
    "path" : "/Explore/SAP_Data_migration/R2R",
    "providerName" : null,
    "metadata" : {
      "modelVersion" : {
        "major" : 0,
        "minor" : 0
      },
      "repoInfo" : {
        "repoHandle" : "011FZB30000000000004"
      },
      "objectRefs" : [ ],
      "contextAttributes" : [ {
        "name" : "id",
        "value" : "@1"
      } ],
      "additionalInfo" : {
        "description" : "Intelligent Structure Data model from GL Line Item",
        "contentType" : "JSON",
        "documentState" : "VALID"
      }
    }
  }, {
    "objectGuid" : "li1opiK8vcTiKu7xTrIKkX",
    "objectName" : "M_Legacy_Pricing_Update_Mapping_2",
    "objectType" : "DTEMPLATE",
    "path" : "/Explore/SAP_Data_migration/Bharath_test",
    "providerName" : null,
    "metadata" : {
      "modelVersion" : {
        "major" : 0,
        "minor" : 0
      },
      "repoInfo" : {
        "repoHandle" : "011FZB170000000000E7"
      },
      "objectRefs" : [ "2gvo7muCjKikhLYqEMxC4c", "5FSQWYnMSJQiovBIB85CiN" ],
      "contextAttributes" : [ {
        "name" : "id",
        "value" : "@1"
      } ],
      "additionalInfo" : {
        "description" : "",
        "contentType" : "JSON",
        "documentState" : "VALID"
      }
    }
  }, {
    "objectGuid" : "2OWsoFlg2EMgJoQe4Rp58L",
    "objectName" : "SAP_CONFIG",
    "objectType" : "Folder",
    "path" : "/Explore/SAP_Data_migration",
    "providerName" : null,
    "metadata" : {
      "modelVersion" : {
        "major" : 0,
        "minor" : 0
      },
      "repoInfo" : null,
      "objectRefs" : [ ],
      "contextAttributes" : [ ],
      "additionalInfo" : {
        "description" : "",
        "contentType" : "Binary",
        "documentState" : "COMPLETE"
      }
    }
  }, {
    "objectGuid" : "1dQQQfQ8E2GeQPzdzel8AW",
    "objectName" : "m_activity_types",
    "objectType" : "DTEMPLATE",
    "path" : "/Explore/SAP_Data_migration/R2R",
    "providerName" : null,
    "metadata" : {
      "modelVersion" : {
        "major" : 0,
        "minor" : 0
      },
      "repoInfo" : {
        "repoHandle" : "011FZB170000000000C4"
      },
      "objectRefs" : [ "2gvo7muCjKikhLYqEMxC4c", "jXayLuLj5AJdPzcV7ZrK8P", "2uusbwwRXNTcsciXP6JvQL" ],
      "contextAttributes" : [ {
        "name" : "id",
        "value" : "@1"
      } ],
      "additionalInfo" : {
        "description" : "27/06/2025 C.N.Venkatasubramanian\nMapping for SAP S/4 Hana enterprise v1 into V2 SAP S/4 Hana LTMC.  ",
        "contentType" : "JSON",
        "documentState" : "VALID"
      }
    }
  }, {
    "objectGuid" : "0FHcobhPV44dh7manSUAG2",
    "objectName" : "Mapping11",
    "objectType" : "DTEMPLATE",
    "path" : "/Explore/SAP_Data_migration/SAP_CONFIG",
    "providerName" : null,
    "metadata" : {
      "modelVersion" : {
        "major" : 0,
        "minor" : 0
      },
      "repoInfo" : {
        "repoHandle" : "011FZB170000000000DM"
      },
      "objectRefs" : [ "2gvo7muCjKikhLYqEMxC4c", "5FSQWYnMSJQiovBIB85CiN" ],
      "contextAttributes" : [ {
        "name" : "id",
        "value" : "@1"
      } ],
      "additionalInfo" : {
        "description" : "",
        "contentType" : "JSON",
        "documentState" : "VALID"
      }
    }
  }, {
    "objectGuid" : "7BzfTgR1301dmUzE87XeaH",
    "objectName" : "Mapping8",
    "objectType" : "DTEMPLATE",
    "path" : "/Explore/SAP_Data_migration/ANAND_POC",
    "providerName" : null,
    "metadata" : {
      "modelVersion" : {
        "major" : 0,
        "minor" : 0
      },
      "repoInfo" : {
        "repoHandle" : "011FZB170000000000CT"
      },
      "objectRefs" : [ "2gvo7muCjKikhLYqEMxC4c", "jXayLuLj5AJdPzcV7ZrK8P", "5FSQWYnMSJQiovBIB85CiN" ],
      "contextAttributes" : [ {
        "name" : "id",
        "value" : "@1"
      } ],
      "additionalInfo" : {
        "description" : "",
        "contentType" : "JSON",
        "documentState" : "INVALID"
      }
    }
  }, {
    "objectGuid" : "aeQyYwiarnkgX6DmTz0Nwg",
    "objectName" : "SAP_IN_AR_OPEN_ITEMS",
    "objectType" : "Connection",
    "path" : "/SYS",
    "providerName" : null,
    "metadata" : {
      "modelVersion" : {
        "major" : 0,
        "minor" : 0
      },
      "repoInfo" : {
        "repoHandle" : "011FZB0B00000000002R"
      },
      "objectRefs" : [ "1Dzap87NwIjbXIKQvLumkV" ],
      "contextAttributes" : [ {
        "name" : "id",
        "value" : "@1"
      } ],
      "additionalInfo" : {
        "description" : "SAP Input AR open Item file",
        "contentType" : "JSON",
        "documentState" : "COMPLETE"
      }
    }
  }, {
    "objectGuid" : "5FSQWYnMSJQiovBIB85CiN",
    "objectName" : "SAP_V1_Input_file",
    "objectType" : "Connection",
    "path" : "/SYS",
    "providerName" : null,
    "metadata" : {
      "modelVersion" : {
        "major" : 0,
        "minor" : 0
      },
      "repoInfo" : {
        "repoHandle" : "011FZB0B00000000002F"
      },
      "objectRefs" : [ "1Dzap87NwIjbXIKQvLumkV" ],
      "contextAttributes" : [ {
        "name" : "id",
        "value" : "@1"
      } ],
      "additionalInfo" : {
        "description" : "SAP Enterprise Version 1 Input file",
        "contentType" : "JSON",
        "documentState" : "COMPLETE"
      }
    }
  }, {
    "objectGuid" : "cKmiVX0mBqAdFL9gK8phQw",
    "objectName" : "m_SAP_CFG_Files_to_db",
    "objectType" : "DTEMPLATE",
    "path" : "/Explore/SAP_Data_migration/SAP_CONFIG",
    "providerName" : null,
    "metadata" : {
      "modelVersion" : {
        "major" : 0,
        "minor" : 0
      },
      "repoInfo" : {
        "repoHandle" : "011FZB170000000000DL"
      },
      "objectRefs" : [ "2gvo7muCjKikhLYqEMxC4c", "5FSQWYnMSJQiovBIB85CiN" ],
      "contextAttributes" : [ {
        "name" : "id",
        "value" : "@1"
      } ],
      "additionalInfo" : {
        "description" : "",
        "contentType" : "JSON",
        "documentState" : "VALID"
      }
    }
  }, {
    "objectGuid" : "4u8CaQ3VH8ijhSdro4lso0",
    "objectName" : "m_DM022_AR_open_Items",
    "objectType" : "DTEMPLATE",
    "path" : "/Explore/SAP_Data_migration/R2R",
    "providerName" : null,
    "metadata" : {
      "modelVersion" : {
        "major" : 0,
        "minor" : 0
      },
      "repoInfo" : {
        "repoHandle" : "011FZB170000000000CX"
      },
      "objectRefs" : [ "2gvo7muCjKikhLYqEMxC4c", "jXayLuLj5AJdPzcV7ZrK8P", "5FSQWYnMSJQiovBIB85CiN", "1RZ0i069OIni5hMwCaFaiH", "bSPTz5kfD4wbL4T8CWtKQW" ],
      "contextAttributes" : [ {
        "name" : "id",
        "value" : "@1"
      } ],
      "additionalInfo" : {
        "description" : "C.N.Venkatasubramanian\n15/07/2025 - Initial mapping Creation for AR Openitems.  \nSteps are\n1) AR Open items are downloaded from SAP S/4 Hana V1 enterprise. \n2) Downloaded the excel file and rename as AR_open_items.xsx\n3)  Mapping will read the excel file. Task name is SRC_Reading_Excel_File_AR_open_items\n4) Filters are used to restrict the data. Task name is Filter_by_company_code\n5) Transformation will Transform the Data into Required LTMC format\n6) Adding Sequence Number is automatic Generation of Sequence number\n\nChanges on 13/01/2026\nReference field to be updated same as legacy S4 number. Currently reference number is updated as below.\nViewpoint – Reference number is updated with Viewpoint billing number\nOther Invoices\nCustomer Invoice (RV) – Reference field is updated with S4 Billing Number\nCustomer Invoice (DR/DG) – Manul Update in legacy\nThere are some documents with blank values which can be defaulted by migration program with ‘.’ Or ‘-‘ or anything as can’t be blank\nDocument Header Text update logic\nViewpoint: This field is identifier to differentiate Viewpoint invoices so this will be updated as “VPC-Billing-UE”. So, in future if payment is made against this invoices, interface will send payment confirmation to viewpoint. FYI – No change is required in the interface.\nViewpoint Company Codes: VG18 and HK89 à These are only two company code considered for this logic\nOther company code:\nExisting migration logic – “SAP JE  || Journal_Entry from Current SAP system”",
        "contentType" : "JSON",
        "documentState" : "VALID"
      }
    }
  }, {
    "objectGuid" : "0bAIHLvhE0wjIgqWb4Q6Gd",
    "objectName" : "SAP_FLAT_FILE_WRITE",
    "objectType" : "Connection",
    "path" : "/SYS",
    "providerName" : null,
    "metadata" : {
      "modelVersion" : {
        "major" : 0,
        "minor" : 0
      },
      "repoInfo" : {
        "repoHandle" : "011FZB0B00000000003F"
      },
      "objectRefs" : [ "1Dzap87NwIjbXIKQvLumkV" ],
      "contextAttributes" : [ {
        "name" : "id",
        "value" : "@1"
      } ],
      "additionalInfo" : {
        "description" : null,
        "contentType" : "JSON",
        "documentState" : "COMPLETE"
      }
    }
  }, {
    "objectGuid" : "1RlRJtdybuYdXs7AYjK0cT",
    "objectName" : "m_GL_accounts_by_Company_code",
    "objectType" : "DTEMPLATE",
    "path" : "/Explore/SAP_Data_migration/R2R",
    "providerName" : null,
    "metadata" : {
      "modelVersion" : {
        "major" : 0,
        "minor" : 0
      },
      "repoInfo" : {
        "repoHandle" : "011FZB170000000000CA"
      },
      "objectRefs" : [ "2gvo7muCjKikhLYqEMxC4c", "6ArdEaycfGUk9ZSCP1maIg" ],
      "contextAttributes" : [ {
        "name" : "id",
        "value" : "@1"
      } ],
      "additionalInfo" : {
        "description" : "m_GL_accounts_by_Company_code\n1. Load the GL account by Company code Level to Determine the GL accounts are Open item Managed. ",
        "contentType" : "JSON",
        "documentState" : "VALID"
      }
    }
  }, {
    "objectGuid" : "a6pmrvikX1PdFIloV7Tse5",
    "objectName" : "m_DM022_AR_open_Items - Final",
    "objectType" : "DTEMPLATE",
    "path" : "/Explore/SAP_Data_migration/R2R",
    "providerName" : null,
    "metadata" : {
      "modelVersion" : {
        "major" : 0,
        "minor" : 0
      },
      "repoInfo" : {
        "repoHandle" : "011FZB170000000000EE"
      },
      "objectRefs" : [ "2gvo7muCjKikhLYqEMxC4c", "jXayLuLj5AJdPzcV7ZrK8P", "5FSQWYnMSJQiovBIB85CiN", "1RZ0i069OIni5hMwCaFaiH", "bSPTz5kfD4wbL4T8CWtKQW" ],
      "contextAttributes" : [ {
        "name" : "id",
        "value" : "@1"
      } ],
      "additionalInfo" : {
        "description" : "C.N.Venkatasubramanian\n15/07/2025 - Initial mapping Creation for AR Openitems.  \nSteps are\n1) AR Open items are downloaded from SAP S/4 Hana V1 enterprise. \n2) Downloaded the excel file and rename as AR_open_items.xsx\n3)  Mapping will read the excel file. Task name is SRC_Reading_Excel_File_AR_open_items\n4) Filters are used to restrict the data. Task name is Filter_by_company_code\n5) Transformation will Transform the Data into Required LTMC format\n6) Adding Sequence Number is automatic Generation of Sequence number\n\nChanges on 13/01/2026\nReference field to be updated same as legacy S4 number. Currently reference number is updated as below.\nViewpoint – Reference number is updated with Viewpoint billing number\nOther Invoices\nCustomer Invoice (RV) – Reference field is updated with S4 Billing Number\nCustomer Invoice (DR/DG) – Manul Update in legacy\nThere are some documents with blank values which can be defaulted by migration program with ‘.’ Or ‘-‘ or anything as can’t be blank\nDocument Header Text update logic\nViewpoint: This field is identifier to differentiate Viewpoint invoices so this will be updated as “VPC-Billing-UE”. So, in future if payment is made against this invoices, interface will send payment confirmation to viewpoint. FYI – No change is required in the interface.\nViewpoint Company Codes: VG18 and HK89 à These are only two company code considered for this logic\nOther company code:\nExisting migration logic – “SAP JE  || Journal_Entry from Current SAP system”",
        "contentType" : "JSON",
        "documentState" : "VALID"
      }
    }
  }, {
    "objectGuid" : "arQlfyQ6DcMhv4cIuPT4Qi",
    "objectName" : "m_projects_customer_sqlserver_viewpoint",
    "objectType" : "DTEMPLATE",
    "path" : "/Explore/SAP_Data_migration/O2C",
    "providerName" : null,
    "metadata" : {
      "modelVersion" : {
        "major" : 0,
        "minor" : 0
      },
      "repoInfo" : {
        "repoHandle" : "011FZB170000000000D4"
      },
      "objectRefs" : [ "2gvo7muCjKikhLYqEMxC4c", "5FSQWYnMSJQiovBIB85CiN" ],
      "contextAttributes" : [ {
        "name" : "id",
        "value" : "@1"
      } ],
      "additionalInfo" : {
        "description" : "",
        "contentType" : "JSON",
        "documentState" : "VALID"
      }
    }
  }, {
    "objectGuid" : "9rwzEKhp3NlgvZiCJ8esO7",
    "objectName" : "UDF",
    "objectType" : "Folder",
    "path" : "/Explore/SAP_Data_migration",
    "providerName" : null,
    "metadata" : {
      "modelVersion" : {
        "major" : 0,
        "minor" : 0
      },
      "repoInfo" : null,
      "objectRefs" : [ ],
      "contextAttributes" : [ ],
      "additionalInfo" : {
        "description" : "Contains all user Defined Function for generic validation and transformation.",
        "contentType" : "Binary",
        "documentState" : "COMPLETE"
      }
    }
  }, {
    "objectGuid" : "aAz1W4LcKYmjonBo6wFkSN",
    "objectName" : "m_Analysis",
    "objectType" : "DTEMPLATE",
    "path" : "/Explore/SAP_Data_migration/O2C",
    "providerName" : null,
    "metadata" : {
      "modelVersion" : {
        "major" : 0,
        "minor" : 0
      },
      "repoInfo" : {
        "repoHandle" : "011FZB170000000000EJ"
      },
      "objectRefs" : [ "2gvo7muCjKikhLYqEMxC4c", "5FSQWYnMSJQiovBIB85CiN" ],
      "contextAttributes" : [ {
        "name" : "id",
        "value" : "@1"
      } ],
      "additionalInfo" : {
        "description" : "",
        "contentType" : "JSON",
        "documentState" : "VALID"
      }
    }
  }, {
    "objectGuid" : "kfRJOHMbRi1kxCaJvwEeUi",
    "objectName" : "mt_customer_output",
    "objectType" : "MTT",
    "path" : "/Explore/SAP_Data_migration/ANAND_POC",
    "providerName" : null,
    "metadata" : {
      "modelVersion" : {
        "major" : 0,
        "minor" : 0
      },
      "repoInfo" : {
        "repoHandle" : "011FZB0Z00000000009X"
      },
      "objectRefs" : [ "2gvo7muCjKikhLYqEMxC4c", "1Dzap87NwIjbXIKQvLumkV", "3CGSIhAC2t1j698d1KCss3", "0bAIHLvhE0wjIgqWb4Q6Gd" ],
      "contextAttributes" : [ {
        "name" : "id",
        "value" : "@1"
      } ],
      "additionalInfo" : {
        "description" : null,
        "contentType" : "JSON",
        "documentState" : "VALID"
      }
    }
  }, {
    "objectGuid" : "8j0QYXDVRm9bKhtWwoCSS7",
    "objectName" : "m_projects_customer_sqlserver",
    "objectType" : "DTEMPLATE",
    "path" : "/Explore/SAP_Data_migration/O2C",
    "providerName" : null,
    "metadata" : {
      "modelVersion" : {
        "major" : 0,
        "minor" : 0
      },
      "repoInfo" : {
        "repoHandle" : "011FZB170000000000CR"
      },
      "objectRefs" : [ "2gvo7muCjKikhLYqEMxC4c", "5FSQWYnMSJQiovBIB85CiN" ],
      "contextAttributes" : [ {
        "name" : "id",
        "value" : "@1"
      } ],
      "additionalInfo" : {
        "description" : "",
        "contentType" : "JSON",
        "documentState" : "VALID"
      }
    }
  }, {
    "objectGuid" : "8ASIxjX3RVPf6tlPBtoDKC",
    "objectName" : "mtt_AR_OpenItems",
    "objectType" : "MTT",
    "path" : "/Explore/SAP_Data_migration/R2R",
    "providerName" : null,
    "metadata" : {
      "modelVersion" : {
        "major" : 0,
        "minor" : 0
      },
      "repoInfo" : {
        "repoHandle" : "011FZB0Z000000000096"
      },
      "objectRefs" : [ "2gvo7muCjKikhLYqEMxC4c", "jXayLuLj5AJdPzcV7ZrK8P", "aeQyYwiarnkgX6DmTz0Nwg", "aTiqG09FfqQd4l63BugRgO", "1Dzap87NwIjbXIKQvLumkV" ],
      "contextAttributes" : [ {
        "name" : "id",
        "value" : "@1"
      } ],
      "additionalInfo" : {
        "description" : "Mapping Task for AR Open items",
        "contentType" : "JSON",
        "documentState" : "VALID"
      }
    }
  }, {
    "objectGuid" : "1RZ0i069OIni5hMwCaFaiH",
    "objectName" : "UDF_LKP",
    "objectType" : "UDF",
    "path" : "/Explore/SAP_Data_migration/UDF",
    "providerName" : null,
    "metadata" : {
      "modelVersion" : {
        "major" : 0,
        "minor" : 0
      },
      "repoInfo" : {
        "repoHandle" : "011FZB41000000000004"
      },
      "objectRefs" : [ ],
      "contextAttributes" : [ {
        "name" : "id",
        "value" : "@1"
      } ],
      "additionalInfo" : {
        "description" : "",
        "contentType" : "JSON",
        "documentState" : "VALID"
      }
    }
  }, {
    "objectGuid" : "gZJOIwRW7mCcaCNeqDIgqA",
    "objectName" : "Template",
    "objectType" : "Folder",
    "path" : "/Explore/SAP_Data_migration",
    "providerName" : null,
    "metadata" : {
      "modelVersion" : {
        "major" : 0,
        "minor" : 0
      },
      "repoInfo" : null,
      "objectRefs" : [ ],
      "contextAttributes" : [ ],
      "additionalInfo" : {
        "description" : "",
        "contentType" : "Binary",
        "documentState" : "COMPLETE"
      }
    }
  }, {
    "objectGuid" : "0uSswAMKky8efb73tkCMqq",
    "objectName" : "m_DM021_AP_open_items",
    "objectType" : "DTEMPLATE",
    "path" : "/Explore/SAP_Data_migration",
    "providerName" : null,
    "metadata" : {
      "modelVersion" : {
        "major" : 0,
        "minor" : 0
      },
      "repoInfo" : {
        "repoHandle" : "011FZB170000000000EC"
      },
      "objectRefs" : [ "2gvo7muCjKikhLYqEMxC4c", "jXayLuLj5AJdPzcV7ZrK8P", "5FSQWYnMSJQiovBIB85CiN", "1RZ0i069OIni5hMwCaFaiH", "bSPTz5kfD4wbL4T8CWtKQW" ],
      "contextAttributes" : [ {
        "name" : "id",
        "value" : "@1"
      } ],
      "additionalInfo" : {
        "description" : "C.N.Venkatasubramanian\n08/09/2025 - Initial mapping Creation for AP Open items.  \nSteps are\n1) AP Open items are downloaded from SAP S/4 Hana V1 enterprise. \n2) Downloaded the excel file and rename as AP_open_items.xsx \n3) Place Xlsx file in M:\\SAP\\Input\\R2R\\DM021_FI-AP Open Items\\Excel\n4) Using Python Script to convert excel into Text file. \n3)  Mapping will read the excel file. Task name is SRC_Reading_Excel_File_AP_open_items\n4) Filters are used to restrict the data. Task name is Filter_by_company_code\n5) Transformation will Transform the Data into Required LTMC format\n6) Adding Sequence Number is automatic Generation of Sequence number\n",
        "contentType" : null,
        "documentState" : "VALID"
      }
    }
  }, {
    "objectGuid" : "eXSkpkBo8CDe0vL2LxWy4X",
    "objectName" : "m_supplier_general",
    "objectType" : "DTEMPLATE",
    "path" : "/Explore/SAP_Data_migration/R2R",
    "providerName" : null,
    "metadata" : {
      "modelVersion" : {
        "major" : 0,
        "minor" : 0
      },
      "repoInfo" : {
        "repoHandle" : "011FZB170000000000CL"
      },
      "objectRefs" : [ "2gvo7muCjKikhLYqEMxC4c", "4eUadPpA1f5bGGuARzJ5kU", "dtfAKfcspiIiCqyTQYewOf", "0bAIHLvhE0wjIgqWb4Q6Gd", "4m5DiZob4hQbNFOWStL5a9" ],
      "contextAttributes" : [ {
        "name" : "id",
        "value" : "@1"
      } ],
      "additionalInfo" : {
        "description" : "",
        "contentType" : "JSON",
        "documentState" : "VALID"
      }
    }
  }, {
    "objectGuid" : "02Hko5pCluicC1zKQz7vYu",
    "objectName" : "m_Pricing_503_extract",
    "objectType" : "DTEMPLATE",
    "path" : "/Explore/SAP_Data_migration/Bharath_test",
    "providerName" : null,
    "metadata" : {
      "modelVersion" : {
        "major" : 0,
        "minor" : 0
      },
      "repoInfo" : {
        "repoHandle" : "011FZB170000000000DE"
      },
      "objectRefs" : [ "2gvo7muCjKikhLYqEMxC4c", "jXayLuLj5AJdPzcV7ZrK8P" ],
      "contextAttributes" : [ {
        "name" : "id",
        "value" : "@1"
      } ],
      "additionalInfo" : {
        "description" : "",
        "contentType" : "JSON",
        "documentState" : "VALID"
      }
    }
  }, {
    "objectGuid" : "ckLHKzuF3K2jaGnSHa5lSS",
    "objectName" : "m_projects_customer_output_bkp",
    "objectType" : "DTEMPLATE",
    "path" : "/Explore/SAP_Data_migration/O2C",
    "providerName" : null,
    "metadata" : {
      "modelVersion" : {
        "major" : 0,
        "minor" : 0
      },
      "repoInfo" : {
        "repoHandle" : "011FZB170000000000D1"
      },
      "objectRefs" : [ "2gvo7muCjKikhLYqEMxC4c", "0bAIHLvhE0wjIgqWb4Q6Gd" ],
      "contextAttributes" : [ {
        "name" : "id",
        "value" : "@1"
      } ],
      "additionalInfo" : {
        "description" : "",
        "contentType" : null,
        "documentState" : "VALID"
      }
    }
  }, {
    "objectGuid" : "9o2uEkNplBgi7VF0gpxraX",
    "objectName" : "Mapping7",
    "objectType" : "DTEMPLATE",
    "path" : "/Explore/SAP_Data_migration/ANAND_POC",
    "providerName" : null,
    "metadata" : {
      "modelVersion" : {
        "major" : 0,
        "minor" : 0
      },
      "repoInfo" : {
        "repoHandle" : "011FZB170000000000CD"
      },
      "objectRefs" : [ ],
      "contextAttributes" : [ {
        "name" : "id",
        "value" : "@1"
      } ],
      "additionalInfo" : {
        "description" : "",
        "contentType" : "JSON",
        "documentState" : "INVALID"
      }
    }
  }, {
    "objectGuid" : "fvCMkyitLUwg8P1mTO2caj",
    "objectName" : "m_DM023_gl_Trial_balance_Large_files",
    "objectType" : "DTEMPLATE",
    "path" : "/Explore/SAP_Data_migration/Bharath_test",
    "providerName" : null,
    "metadata" : {
      "modelVersion" : {
        "major" : 0,
        "minor" : 0
      },
      "repoInfo" : {
        "repoHandle" : "011FZB170000000000D7"
      },
      "objectRefs" : [ "2gvo7muCjKikhLYqEMxC4c", "jXayLuLj5AJdPzcV7ZrK8P", "5FSQWYnMSJQiovBIB85CiN", "1RZ0i069OIni5hMwCaFaiH", "bSPTz5kfD4wbL4T8CWtKQW" ],
      "contextAttributes" : [ {
        "name" : "id",
        "value" : "@1"
      } ],
      "additionalInfo" : {
        "description" : "Mapping for Loading Trial Balance\n26/11/2025 - Mapping Changes for Banks",
        "contentType" : "JSON",
        "documentState" : "VALID"
      }
    }
  }, {
    "objectGuid" : "7tJEPU0yzinhSHfYAB6qsQ",
    "objectName" : "m_projects_customer_output",
    "objectType" : "DTEMPLATE",
    "path" : "/Explore/SAP_Data_migration/O2C",
    "providerName" : null,
    "metadata" : {
      "modelVersion" : {
        "major" : 0,
        "minor" : 0
      },
      "repoInfo" : {
        "repoHandle" : "011FZB170000000000CS"
      },
      "objectRefs" : [ "2gvo7muCjKikhLYqEMxC4c", "3e7MsmCtmkddWJfiOhxW06", "bSPTz5kfD4wbL4T8CWtKQW", "0bAIHLvhE0wjIgqWb4Q6Gd" ],
      "contextAttributes" : [ {
        "name" : "id",
        "value" : "@1"
      } ],
      "additionalInfo" : {
        "description" : "",
        "contentType" : "JSON",
        "documentState" : "VALID"
      }
    }
  }, {
    "objectGuid" : "ak9aa3d3sEmkc8wT8uP3MB",
    "objectName" : "m_projects_customer_output_bkp_dec25",
    "objectType" : "DTEMPLATE",
    "path" : "/Explore/SAP_Data_migration/O2C",
    "providerName" : null,
    "metadata" : {
      "modelVersion" : {
        "major" : 0,
        "minor" : 0
      },
      "repoInfo" : {
        "repoHandle" : "011FZB170000000000DQ"
      },
      "objectRefs" : [ "2gvo7muCjKikhLYqEMxC4c", "3e7MsmCtmkddWJfiOhxW06", "bSPTz5kfD4wbL4T8CWtKQW", "0bAIHLvhE0wjIgqWb4Q6Gd" ],
      "contextAttributes" : [ {
        "name" : "id",
        "value" : "@1"
      } ],
      "additionalInfo" : {
        "description" : "",
        "contentType" : null,
        "documentState" : "VALID"
      }
    }
  }, {
    "objectGuid" : "0bYiSfglZmAkDSfsBEp1Wi",
    "objectName" : "FW_CUSTOMER",
    "objectType" : "MI_FILE_LISTENER",
    "path" : "/Explore/SAP_Data_migration/Template",
    "providerName" : null,
    "metadata" : {
      "modelVersion" : {
        "major" : 1,
        "minor" : 0
      },
      "repoInfo" : {
        "repoHandle" : "33436"
      },
      "objectRefs" : [ "1Dzap87NwIjbXIKQvLumkV" ],
      "contextAttributes" : [ ],
      "additionalInfo" : {
        "description" : "",
        "contentType" : "Binary",
        "documentState" : "VALID"
      }
    }
  }, {
    "objectGuid" : "18Js6O4YDM1goKgNty8U8S",
    "objectName" : "m_DM023_gl_Trial_balance_Large_files_Balance Only_ML3_OIM_NONOIM_final_v2",
    "objectType" : "DTEMPLATE",
    "path" : "/Explore/SAP_Data_migration/R2R",
    "providerName" : null,
    "metadata" : {
      "modelVersion" : {
        "major" : 0,
        "minor" : 0
      },
      "repoInfo" : {
        "repoHandle" : "011FZB170000000000EF"
      },
      "objectRefs" : [ "2gvo7muCjKikhLYqEMxC4c", "jXayLuLj5AJdPzcV7ZrK8P", "5FSQWYnMSJQiovBIB85CiN", "1RZ0i069OIni5hMwCaFaiH", "bSPTz5kfD4wbL4T8CWtKQW" ],
      "contextAttributes" : [ {
        "name" : "id",
        "value" : "@1"
      } ],
      "additionalInfo" : {
        "description" : "Mapping for Loading Trial Balance\n04/12/2025 - After ML2, Requirement to  Produce only Balance\n19/12/2025 - GL to Produce Non-OIM file with two Ledger Groups(OL/2L)\nOpen Item Managed with out ledger group  ",
        "contentType" : "JSON",
        "documentState" : "VALID"
      }
    }
  }, {
    "objectGuid" : "ayNL74xrHZJjAbYcsQ0w6C",
    "objectName" : "mtt_Fixed_asset_Master",
    "objectType" : "MTT",
    "path" : "/Explore/SAP_Data_migration/R2R",
    "providerName" : null,
    "metadata" : {
      "modelVersion" : {
        "major" : 0,
        "minor" : 0
      },
      "repoInfo" : {
        "repoHandle" : "011FZB0Z00000000009K"
      },
      "objectRefs" : [ "2gvo7muCjKikhLYqEMxC4c", "jXayLuLj5AJdPzcV7ZrK8P", "4MfBrR5lJ8PdbfV0qdTNqY", "1Dzap87NwIjbXIKQvLumkV", "bSPTz5kfD4wbL4T8CWtKQW" ],
      "contextAttributes" : [ {
        "name" : "id",
        "value" : "@1"
      } ],
      "additionalInfo" : {
        "description" : null,
        "contentType" : "JSON",
        "documentState" : "VALID"
      }
    }
  }, {
    "objectGuid" : "949N2mz6ktzeQer9O4j4u9",
    "objectName" : "m_Viewpoint_Pricing_Conditions_out",
    "objectType" : "DTEMPLATE",
    "path" : "/Explore/SAP_Data_migration/O2C",
    "providerName" : null,
    "metadata" : {
      "modelVersion" : {
        "major" : 0,
        "minor" : 0
      },
      "repoInfo" : {
        "repoHandle" : "011FZB170000000000DS"
      },
      "objectRefs" : [ "2gvo7muCjKikhLYqEMxC4c", "jXayLuLj5AJdPzcV7ZrK8P" ],
      "contextAttributes" : [ {
        "name" : "id",
        "value" : "@1"
      } ],
      "additionalInfo" : {
        "description" : "",
        "contentType" : "JSON",
        "documentState" : "VALID"
      }
    }
  }, {
    "objectGuid" : "0sn3zAVEtWmfdwAIZI0swF",
    "objectName" : "m_DM018_fixed_asset_balance - Mid year",
    "objectType" : "DTEMPLATE",
    "path" : "/Explore/SAP_Data_migration/R2R",
    "providerName" : null,
    "metadata" : {
      "modelVersion" : {
        "major" : 0,
        "minor" : 0
      },
      "repoInfo" : {
        "repoHandle" : "011FZB170000000000D3"
      },
      "objectRefs" : [ "2gvo7muCjKikhLYqEMxC4c", "jXayLuLj5AJdPzcV7ZrK8P", "5FSQWYnMSJQiovBIB85CiN" ],
      "contextAttributes" : [ {
        "name" : "id",
        "value" : "@1"
      } ],
      "additionalInfo" : {
        "description" : "18/10/2025 - Field Asset Balance file",
        "contentType" : "JSON",
        "documentState" : "VALID"
      }
    }
  }, {
    "objectGuid" : "5omMkJhRQa6eNE4IKxH8O5",
    "objectName" : "m_Pricing_505_Condtion_Table",
    "objectType" : "DTEMPLATE",
    "path" : "/Explore/SAP_Data_migration/Bharath_test",
    "providerName" : null,
    "metadata" : {
      "modelVersion" : {
        "major" : 0,
        "minor" : 0
      },
      "repoInfo" : {
        "repoHandle" : "011FZB170000000000DY"
      },
      "objectRefs" : [ "2gvo7muCjKikhLYqEMxC4c", "jXayLuLj5AJdPzcV7ZrK8P", "5FSQWYnMSJQiovBIB85CiN" ],
      "contextAttributes" : [ {
        "name" : "id",
        "value" : "@1"
      } ],
      "additionalInfo" : {
        "description" : "",
        "contentType" : "JSON",
        "documentState" : "VALID"
      }
    }
  }, {
    "objectGuid" : "4HcIH3FVy4HirHxbhDP8a7",
    "objectName" : "m_projects_customer_output_viewpoint",
    "objectType" : "DTEMPLATE",
    "path" : "/Explore/SAP_Data_migration/O2C",
    "providerName" : null,
    "metadata" : {
      "modelVersion" : {
        "major" : 0,
        "minor" : 0
      },
      "repoInfo" : {
        "repoHandle" : "011FZB170000000000D5"
      },
      "objectRefs" : [ "2gvo7muCjKikhLYqEMxC4c", "3e7MsmCtmkddWJfiOhxW06", "0bAIHLvhE0wjIgqWb4Q6Gd" ],
      "contextAttributes" : [ {
        "name" : "id",
        "value" : "@1"
      } ],
      "additionalInfo" : {
        "description" : "",
        "contentType" : "JSON",
        "documentState" : "VALID"
      }
    }
  }, {
    "objectGuid" : "5QH95245lkZdSOaibpz3gT",
    "objectName" : "mt_customer_output",
    "objectType" : "MTT",
    "path" : "/Explore/SAP_Data_migration/Archive",
    "providerName" : null,
    "metadata" : {
      "modelVersion" : {
        "major" : 0,
        "minor" : 0
      },
      "repoInfo" : {
        "repoHandle" : "011FZB0Z0000000000A1"
      },
      "objectRefs" : [ "2gvo7muCjKikhLYqEMxC4c", "1Dzap87NwIjbXIKQvLumkV", "3CGSIhAC2t1j698d1KCss3", "0bAIHLvhE0wjIgqWb4Q6Gd" ],
      "contextAttributes" : [ {
        "name" : "id",
        "value" : "@1"
      } ],
      "additionalInfo" : {
        "description" : null,
        "contentType" : "JSON",
        "documentState" : "VALID"
      }
    }
  }, {
    "objectGuid" : "3pvjIEXXZWLjOWZExV1let",
    "objectName" : "XML",
    "objectType" : "HSCHEMA",
    "path" : "/Explore/SAP_Data_migration/ANAND_POC",
    "providerName" : null,
    "metadata" : {
      "modelVersion" : {
        "major" : 0,
        "minor" : 0
      },
      "repoInfo" : {
        "repoHandle" : "011FZB36000000000003"
      },
      "objectRefs" : [ ],
      "contextAttributes" : [ {
        "name" : "id",
        "value" : "@1"
      } ],
      "additionalInfo" : {
        "description" : "",
        "contentType" : "JSON",
        "documentState" : "VALID"
      }
    }
  }, {
    "objectGuid" : "ha91I5hofsSgn1Gl3ai2Go",
    "objectName" : "mt_csv_sqlserver",
    "objectType" : "MTT",
    "path" : "/Explore/SAP_Data_migration/Template",
    "providerName" : null,
    "metadata" : {
      "modelVersion" : {
        "major" : 0,
        "minor" : 0
      },
      "repoInfo" : {
        "repoHandle" : "011FZB0Z00000000009R"
      },
      "objectRefs" : [ "2gvo7muCjKikhLYqEMxC4c", "f9Chundicu2eWw8jO6hXgC", "5FSQWYnMSJQiovBIB85CiN", "1Dzap87NwIjbXIKQvLumkV" ],
      "contextAttributes" : [ {
        "name" : "id",
        "value" : "@1"
      } ],
      "additionalInfo" : {
        "description" : null,
        "contentType" : "JSON",
        "documentState" : "INVALID"
      }
    }
  }, {
    "objectGuid" : "fKXUmiuzeqOeQsBox25MOB",
    "objectName" : "Mapping9",
    "objectType" : "DTEMPLATE",
    "path" : "/Explore/SAP_Data_migration/Bharath_test",
    "providerName" : null,
    "metadata" : {
      "modelVersion" : {
        "major" : 0,
        "minor" : 0
      },
      "repoInfo" : {
        "repoHandle" : "011FZB170000000000DK"
      },
      "objectRefs" : [ "2gvo7muCjKikhLYqEMxC4c", "5FSQWYnMSJQiovBIB85CiN" ],
      "contextAttributes" : [ {
        "name" : "id",
        "value" : "@1"
      } ],
      "additionalInfo" : {
        "description" : "",
        "contentType" : "JSON",
        "documentState" : "INVALID"
      }
    }
  }, {
    "objectGuid" : "jSbXxWUDfK9fQmKtPh5zwl",
    "objectName" : "M_gl_line_item_mapping",
    "objectType" : "DTEMPLATE",
    "path" : "/Explore/SAP_Data_migration/R2R",
    "providerName" : null,
    "metadata" : {
      "modelVersion" : {
        "major" : 0,
        "minor" : 0
      },
      "repoInfo" : {
        "repoHandle" : "011FZB170000000000CG"
      },
      "objectRefs" : [ "jXayLuLj5AJdPzcV7ZrK8P", "5FSQWYnMSJQiovBIB85CiN", "1zj9HmkDgWNfEwT2eXnp8V" ],
      "contextAttributes" : [ {
        "name" : "id",
        "value" : "@1"
      } ],
      "additionalInfo" : {
        "description" : "",
        "contentType" : "JSON",
        "documentState" : "VALID"
      }
    }
  }, {
    "objectGuid" : "jDZSgmIeZGNfCeLjgIBUGn",
    "objectName" : "m_DM023_gl_Trial_balance_Large_files_Balance Only_ML3_OIM_NONOIM",
    "objectType" : "DTEMPLATE",
    "path" : "/Explore/SAP_Data_migration/R2R",
    "providerName" : null,
    "metadata" : {
      "modelVersion" : {
        "major" : 0,
        "minor" : 0
      },
      "repoInfo" : {
        "repoHandle" : "011FZB170000000000E0"
      },
      "objectRefs" : [ "2gvo7muCjKikhLYqEMxC4c", "jXayLuLj5AJdPzcV7ZrK8P", "5FSQWYnMSJQiovBIB85CiN", "1RZ0i069OIni5hMwCaFaiH", "bSPTz5kfD4wbL4T8CWtKQW" ],
      "contextAttributes" : [ {
        "name" : "id",
        "value" : "@1"
      } ],
      "additionalInfo" : {
        "description" : "Mapping for Loading Trial Balance\n04/12/2025 - After ML2, Requirement to  Produce only Balance\n19/12/2025 - GL to Produce Non-OIM file with two Ledger Groups(OL/2L)\nOpen Item Managed with out ledger group  ",
        "contentType" : "JSON",
        "documentState" : "VALID"
      }
    }
  }, {
    "objectGuid" : "kv6XgPkwAW1jNVvsKAsnUS",
    "objectName" : "m_activity_types-Advanced",
    "objectType" : "AtScaleDTemplate",
    "path" : "/Explore/SAP_Data_migration/ANAND_POC",
    "providerName" : null,
    "metadata" : {
      "modelVersion" : {
        "major" : 0,
        "minor" : 0
      },
      "repoInfo" : {
        "repoHandle" : "011FZB170000000000CB"
      },
      "objectRefs" : [ "2gvo7muCjKikhLYqEMxC4c", "42lyuLwgK6uhGZTZajVYIf", "2uusbwwRXNTcsciXP6JvQL" ],
      "contextAttributes" : [ {
        "name" : "id",
        "value" : "@1"
      } ],
      "additionalInfo" : {
        "description" : "27/06/2025 C.N.Venkatasubramanian\nMapping for SAP S/4 Hana enterprise v1 into V2 SAP S/4 Hana LTMC.  ",
        "contentType" : "JSON",
        "documentState" : "VALID"
      }
    }
  }, {
    "objectGuid" : "8aDE4hHJuydidy3TMEfE25",
    "objectName" : "m_activity_types",
    "objectType" : "DTEMPLATE",
    "path" : "/Explore/SAP_Data_migration/ANAND_POC",
    "providerName" : null,
    "metadata" : {
      "modelVersion" : {
        "major" : 0,
        "minor" : 0
      },
      "repoInfo" : {
        "repoHandle" : "011FZB170000000000CE"
      },
      "objectRefs" : [ "2gvo7muCjKikhLYqEMxC4c", "jXayLuLj5AJdPzcV7ZrK8P", "5FSQWYnMSJQiovBIB85CiN", "2uusbwwRXNTcsciXP6JvQL" ],
      "contextAttributes" : [ {
        "name" : "id",
        "value" : "@1"
      } ],
      "additionalInfo" : {
        "description" : "27/06/2025 C.N.Venkatasubramanian\nMapping for SAP S/4 Hana enterprise v1 into V2 SAP S/4 Hana LTMC.  ",
        "contentType" : "JSON",
        "documentState" : "INVALID"
      }
    }
  }, {
    "objectGuid" : "d7GemBVVosEg7yvTIskJyt",
    "objectName" : "m_WIP_Journal_output",
    "objectType" : "DTEMPLATE",
    "path" : "/Explore/SAP_Data_migration/Bharath_test",
    "providerName" : null,
    "metadata" : {
      "modelVersion" : {
        "major" : 0,
        "minor" : 0
      },
      "repoInfo" : {
        "repoHandle" : "011FZB170000000000EB"
      },
      "objectRefs" : [ "2gvo7muCjKikhLYqEMxC4c" ],
      "contextAttributes" : [ {
        "name" : "id",
        "value" : "@1"
      } ],
      "additionalInfo" : {
        "description" : "",
        "contentType" : "JSON",
        "documentState" : "INVALID"
      }
    }
  }, {
    "objectGuid" : "22FVt0Wn67ogiAxuhy2DMU",
    "objectName" : "m_profit_center",
    "objectType" : "DTEMPLATE",
    "path" : "/Explore/SAP_Data_migration/R2R",
    "providerName" : null,
    "metadata" : {
      "modelVersion" : {
        "major" : 0,
        "minor" : 0
      },
      "repoInfo" : {
        "repoHandle" : "011FZB170000000000C7"
      },
      "objectRefs" : [ "2gvo7muCjKikhLYqEMxC4c", "jXayLuLj5AJdPzcV7ZrK8P", "atv206PzFgfiL73BdwdouB" ],
      "contextAttributes" : [ {
        "name" : "id",
        "value" : "@1"
      } ],
      "additionalInfo" : {
        "description" : "Profit Center Data Migration",
        "contentType" : "JSON",
        "documentState" : "VALID"
      }
    }
  }, {
    "objectGuid" : "2kVaD4e1HZFimvY3fKomev",
    "objectName" : "m_supplier_purchase_order",
    "objectType" : "DTEMPLATE",
    "path" : "/Explore/SAP_Data_migration/R2R",
    "providerName" : null,
    "metadata" : {
      "modelVersion" : {
        "major" : 0,
        "minor" : 0
      },
      "repoInfo" : {
        "repoHandle" : "011FZB170000000000CM"
      },
      "objectRefs" : [ "2gvo7muCjKikhLYqEMxC4c", "1RZ0i069OIni5hMwCaFaiH", "dtfAKfcspiIiCqyTQYewOf", "bSPTz5kfD4wbL4T8CWtKQW", "0bAIHLvhE0wjIgqWb4Q6Gd" ],
      "contextAttributes" : [ {
        "name" : "id",
        "value" : "@1"
      } ],
      "additionalInfo" : {
        "description" : "",
        "contentType" : "JSON",
        "documentState" : "VALID"
      }
    }
  }, {
    "objectGuid" : "8QTpKUIRpu4g4Jogfio0ay",
    "objectName" : "m_DM006_fixed_asset - Final",
    "objectType" : "DTEMPLATE",
    "path" : "/Explore/SAP_Data_migration/R2R",
    "providerName" : null,
    "metadata" : {
      "modelVersion" : {
        "major" : 0,
        "minor" : 0
      },
      "repoInfo" : {
        "repoHandle" : "011FZB170000000000EG"
      },
      "objectRefs" : [ "2gvo7muCjKikhLYqEMxC4c", "jXayLuLj5AJdPzcV7ZrK8P", "5FSQWYnMSJQiovBIB85CiN", "1RZ0i069OIni5hMwCaFaiH", "bSPTz5kfD4wbL4T8CWtKQW" ],
      "contextAttributes" : [ {
        "name" : "id",
        "value" : "@1"
      } ],
      "additionalInfo" : {
        "description" : "30/07/2025 - C.N.Venkatasubramanian\n25/01/2026",
        "contentType" : "JSON",
        "documentState" : "VALID"
      }
    }
  }, {
    "objectGuid" : "jXayLuLj5AJdPzcV7ZrK8P",
    "objectName" : "SAP_V1_Output_file",
    "objectType" : "Connection",
    "path" : "/SYS",
    "providerName" : null,
    "metadata" : {
      "modelVersion" : {
        "major" : 0,
        "minor" : 0
      },
      "repoInfo" : {
        "repoHandle" : "011FZB0B00000000002H"
      },
      "objectRefs" : [ "1Dzap87NwIjbXIKQvLumkV" ],
      "contextAttributes" : [ {
        "name" : "id",
        "value" : "@1"
      } ],
      "additionalInfo" : {
        "description" : "SAP Enterprise Version 1 Input file",
        "contentType" : "JSON",
        "documentState" : "COMPLETE"
      }
    }
  }, {
    "objectGuid" : "4MfBrR5lJ8PdbfV0qdTNqY",
    "objectName" : "m_DM006_fixed_asset",
    "objectType" : "DTEMPLATE",
    "path" : "/Explore/SAP_Data_migration/R2R",
    "providerName" : null,
    "metadata" : {
      "modelVersion" : {
        "major" : 0,
        "minor" : 0
      },
      "repoInfo" : {
        "repoHandle" : "011FZB170000000000CJ"
      },
      "objectRefs" : [ "2gvo7muCjKikhLYqEMxC4c", "jXayLuLj5AJdPzcV7ZrK8P", "1RZ0i069OIni5hMwCaFaiH", "bSPTz5kfD4wbL4T8CWtKQW" ],
      "contextAttributes" : [ {
        "name" : "id",
        "value" : "@1"
      } ],
      "additionalInfo" : {
        "description" : "30/07/2025 - C.N.Venkatasubramanian\n25/01/2026",
        "contentType" : "JSON",
        "documentState" : "VALID"
      }
    }
  }, {
    "objectGuid" : "gELRTS4zkaLkPvtPKUSk8z",
    "objectName" : "O2C",
    "objectType" : "Folder",
    "path" : "/Explore/SAP_Data_migration",
    "providerName" : null,
    "metadata" : {
      "modelVersion" : {
        "major" : 0,
        "minor" : 0
      },
      "repoInfo" : null,
      "objectRefs" : [ ],
      "contextAttributes" : [ ],
      "additionalInfo" : {
        "description" : "Folder for O2C",
        "contentType" : "Binary",
        "documentState" : "COMPLETE"
      }
    }
  }, {
    "objectGuid" : "06EE6m5BwEoe2bt2lXOgKe",
    "objectName" : "m_DM503_Pricing_Standard_rate",
    "objectType" : "DTEMPLATE",
    "path" : "/Explore/SAP_Data_migration/Bharath_test",
    "providerName" : null,
    "metadata" : {
      "modelVersion" : {
        "major" : 0,
        "minor" : 0
      },
      "repoInfo" : {
        "repoHandle" : "011FZB170000000000DX"
      },
      "objectRefs" : [ "2gvo7muCjKikhLYqEMxC4c", "jXayLuLj5AJdPzcV7ZrK8P" ],
      "contextAttributes" : [ {
        "name" : "id",
        "value" : "@1"
      } ],
      "additionalInfo" : {
        "description" : "",
        "contentType" : "JSON",
        "documentState" : "VALID"
      }
    }
  }, {
    "objectGuid" : "2uusbwwRXNTcsciXP6JvQL",
    "objectName" : "SAP_IN_ACTIVITY_TYPE",
    "objectType" : "Connection",
    "path" : "/SYS",
    "providerName" : null,
    "metadata" : {
      "modelVersion" : {
        "major" : 0,
        "minor" : 0
      },
      "repoInfo" : {
        "repoHandle" : "011FZB0B00000000002G"
      },
      "objectRefs" : [ "1Dzap87NwIjbXIKQvLumkV" ],
      "contextAttributes" : [ {
        "name" : "id",
        "value" : "@1"
      } ],
      "additionalInfo" : {
        "description" : "SAP Input Activity Types",
        "contentType" : "JSON",
        "documentState" : "COMPLETE"
      }
    }
  }, {
    "objectGuid" : "4yemf52KHJJklhIhrtnCIE",
    "objectName" : "XML",
    "objectType" : "DTEMPLATE",
    "path" : "/Explore/SAP_Data_migration/ANAND_POC",
    "providerName" : null,
    "metadata" : {
      "modelVersion" : {
        "major" : 0,
        "minor" : 0
      },
      "repoInfo" : {
        "repoHandle" : "011FZB170000000000CO"
      },
      "objectRefs" : [ "3pvjIEXXZWLjOWZExV1let", "dtfAKfcspiIiCqyTQYewOf", "0bAIHLvhE0wjIgqWb4Q6Gd" ],
      "contextAttributes" : [ {
        "name" : "id",
        "value" : "@1"
      } ],
      "additionalInfo" : {
        "description" : "",
        "contentType" : "JSON",
        "documentState" : "VALID"
      }
    }
  }, {
    "objectGuid" : "3I3shAyFMCClKcaoZJMbIP",
    "objectName" : "m_projects_service_contract_sqlserver",
    "objectType" : "DTEMPLATE",
    "path" : "/Explore/SAP_Data_migration/O2C",
    "providerName" : null,
    "metadata" : {
      "modelVersion" : {
        "major" : 0,
        "minor" : 0
      },
      "repoInfo" : {
        "repoHandle" : "011FZB170000000000D8"
      },
      "objectRefs" : [ "2gvo7muCjKikhLYqEMxC4c", "5FSQWYnMSJQiovBIB85CiN" ],
      "contextAttributes" : [ {
        "name" : "id",
        "value" : "@1"
      } ],
      "additionalInfo" : {
        "description" : "",
        "contentType" : "JSON",
        "documentState" : "VALID"
      }
    }
  }, {
    "objectGuid" : "8vz9uiAh4WXgT6ZqNd6oys",
    "objectName" : "m_supplier_bank_accounts",
    "objectType" : "DTEMPLATE",
    "path" : "/Explore/SAP_Data_migration/R2R",
    "providerName" : null,
    "metadata" : {
      "modelVersion" : {
        "major" : 0,
        "minor" : 0
      },
      "repoInfo" : {
        "repoHandle" : "011FZB170000000000CK"
      },
      "objectRefs" : [ "2gvo7muCjKikhLYqEMxC4c", "1RZ0i069OIni5hMwCaFaiH", "dtfAKfcspiIiCqyTQYewOf", "0bAIHLvhE0wjIgqWb4Q6Gd" ],
      "contextAttributes" : [ {
        "name" : "id",
        "value" : "@1"
      } ],
      "additionalInfo" : {
        "description" : "",
        "contentType" : "JSON",
        "documentState" : "VALID"
      }
    }
  }, {
    "objectGuid" : "0CqBNCzB0ZegGKMOnC6x2Q",
    "objectName" : "Mapping12",
    "objectType" : "DTEMPLATE",
    "path" : "/Explore/SAP_Data_migration/Bharath_test",
    "providerName" : null,
    "metadata" : {
      "modelVersion" : {
        "major" : 0,
        "minor" : 0
      },
      "repoInfo" : {
        "repoHandle" : "011FZB170000000000DD"
      },
      "objectRefs" : [ "2gvo7muCjKikhLYqEMxC4c", "5FSQWYnMSJQiovBIB85CiN" ],
      "contextAttributes" : [ {
        "name" : "id",
        "value" : "@1"
      } ],
      "additionalInfo" : {
        "description" : "",
        "contentType" : "JSON",
        "documentState" : "VALID"
      }
    }
  }, {
    "objectGuid" : "759iQ3nQvc3eVVq1ZCossS",
    "objectName" : "m_DM023_gl_Trial_balance_Large_files_Balance Only_ML3",
    "objectType" : "DTEMPLATE",
    "path" : "/Explore/SAP_Data_migration/R2R",
    "providerName" : null,
    "metadata" : {
      "modelVersion" : {
        "major" : 0,
        "minor" : 0
      },
      "repoInfo" : {
        "repoHandle" : "011FZB170000000000DP"
      },
      "objectRefs" : [ "2gvo7muCjKikhLYqEMxC4c", "jXayLuLj5AJdPzcV7ZrK8P", "5FSQWYnMSJQiovBIB85CiN", "1RZ0i069OIni5hMwCaFaiH", "bSPTz5kfD4wbL4T8CWtKQW" ],
      "contextAttributes" : [ {
        "name" : "id",
        "value" : "@1"
      } ],
      "additionalInfo" : {
        "description" : "Mapping for Loading Trial Balance\n04/12/2025 - After ML2, Requirement to  Produce only Balance",
        "contentType" : "JSON",
        "documentState" : "VALID"
      }
    }
  }, {
    "objectGuid" : "4jNr8VEG646hTMiKw9tZes",
    "objectName" : "Mapping13",
    "objectType" : "DTEMPLATE",
    "path" : "/Explore/SAP_Data_migration/SAP_CONFIG",
    "providerName" : null,
    "metadata" : {
      "modelVersion" : {
        "major" : 0,
        "minor" : 0
      },
      "repoInfo" : {
        "repoHandle" : "011FZB170000000000DN"
      },
      "objectRefs" : [ "2gvo7muCjKikhLYqEMxC4c", "5FSQWYnMSJQiovBIB85CiN" ],
      "contextAttributes" : [ {
        "name" : "id",
        "value" : "@1"
      } ],
      "additionalInfo" : {
        "description" : "",
        "contentType" : "JSON",
        "documentState" : "VALID"
      }
    }
  }, {
    "objectGuid" : "3CGSIhAC2t1j698d1KCss3",
    "objectName" : "m_customer_output",
    "objectType" : "DTEMPLATE",
    "path" : "/Explore/SAP_Data_migration/O2C",
    "providerName" : null,
    "metadata" : {
      "modelVersion" : {
        "major" : 0,
        "minor" : 0
      },
      "repoInfo" : {
        "repoHandle" : "011FZB170000000000CP"
      },
      "objectRefs" : [ "2gvo7muCjKikhLYqEMxC4c", "0bAIHLvhE0wjIgqWb4Q6Gd" ],
      "contextAttributes" : [ {
        "name" : "id",
        "value" : "@1"
      } ],
      "additionalInfo" : {
        "description" : "",
        "contentType" : "JSON",
        "documentState" : "VALID"
      }
    }
  }, {
    "objectGuid" : "aV7LuYmiQC4j0elDvPynYd",
    "objectName" : "R2R",
    "objectType" : "Folder",
    "path" : "/Explore/SAP_Data_migration",
    "providerName" : null,
    "metadata" : {
      "modelVersion" : {
        "major" : 0,
        "minor" : 0
      },
      "repoInfo" : null,
      "objectRefs" : [ ],
      "contextAttributes" : [ ],
      "additionalInfo" : {
        "description" : "Folder for R2R objects",
        "contentType" : "Binary",
        "documentState" : "COMPLETE"
      }
    }
  }, {
    "objectGuid" : "7gbAXS7rNBmf7jkmWxmvuI",
    "objectName" : "m_projects_customer_output_bkp",
    "objectType" : "DTEMPLATE",
    "path" : "/Explore/SAP_Data_migration/Archive",
    "providerName" : null,
    "metadata" : {
      "modelVersion" : {
        "major" : 0,
        "minor" : 0
      },
      "repoInfo" : {
        "repoHandle" : "011FZB170000000000CZ"
      },
      "objectRefs" : [ "2gvo7muCjKikhLYqEMxC4c", "0bAIHLvhE0wjIgqWb4Q6Gd" ],
      "contextAttributes" : [ {
        "name" : "id",
        "value" : "@1"
      } ],
      "additionalInfo" : {
        "description" : "",
        "contentType" : null,
        "documentState" : "VALID"
      }
    }
  }, {
    "objectGuid" : "9u6edSspziGdO4RXXwnjEf",
    "objectName" : "m_Legacy_To_New_WP_Billing_item_update",
    "objectType" : "DTEMPLATE",
    "path" : "/Explore/SAP_Data_migration/Bharath_test",
    "providerName" : null,
    "metadata" : {
      "modelVersion" : {
        "major" : 0,
        "minor" : 0
      },
      "repoInfo" : {
        "repoHandle" : "011FZB170000000000DV"
      },
      "objectRefs" : [ "2gvo7muCjKikhLYqEMxC4c", "5FSQWYnMSJQiovBIB85CiN" ],
      "contextAttributes" : [ {
        "name" : "id",
        "value" : "@1"
      } ],
      "additionalInfo" : {
        "description" : "",
        "contentType" : "JSON",
        "documentState" : "VALID"
      }
    }
  }, {
    "objectGuid" : "asxVsolVIOdeU0I6Uuk2Od",
    "objectName" : "m_Legacy_wp_Pricing_Extract",
    "objectType" : "DTEMPLATE",
    "path" : "/Explore/SAP_Data_migration/Bharath_test",
    "providerName" : null,
    "metadata" : {
      "modelVersion" : {
        "major" : 0,
        "minor" : 0
      },
      "repoInfo" : {
        "repoHandle" : "011FZB170000000000DJ"
      },
      "objectRefs" : [ "2gvo7muCjKikhLYqEMxC4c", "jXayLuLj5AJdPzcV7ZrK8P" ],
      "contextAttributes" : [ {
        "name" : "id",
        "value" : "@1"
      } ],
      "additionalInfo" : {
        "description" : "",
        "contentType" : "JSON",
        "documentState" : "VALID"
      }
    }
  }, {
    "objectGuid" : "4eUadPpA1f5bGGuARzJ5kU",
    "objectName" : "UDF_ISSTRING",
    "objectType" : "UDF",
    "path" : "/Explore/SAP_Data_migration/UDF",
    "providerName" : null,
    "metadata" : {
      "modelVersion" : {
        "major" : 0,
        "minor" : 0
      },
      "repoInfo" : {
        "repoHandle" : "011FZB41000000000007"
      },
      "objectRefs" : [ ],
      "contextAttributes" : [ {
        "name" : "id",
        "value" : "@1"
      } ],
      "additionalInfo" : {
        "description" : "",
        "contentType" : "JSON",
        "documentState" : "VALID"
      }
    }
  }, {
    "objectGuid" : "5JyvC9TOHSlfjZyzD3Z7K0",
    "objectName" : "m_projects_customer_output_us_ca - Copy 1",
    "objectType" : "DTEMPLATE",
    "path" : "/Explore/SAP_Data_migration/O2C",
    "providerName" : null,
    "metadata" : {
      "modelVersion" : {
        "major" : 0,
        "minor" : 0
      },
      "repoInfo" : {
        "repoHandle" : "011FZB170000000000E6"
      },
      "objectRefs" : [ "2gvo7muCjKikhLYqEMxC4c", "3e7MsmCtmkddWJfiOhxW06", "0bAIHLvhE0wjIgqWb4Q6Gd" ],
      "contextAttributes" : [ {
        "name" : "id",
        "value" : "@1"
      } ],
      "additionalInfo" : {
        "description" : "",
        "contentType" : null,
        "documentState" : "VALID"
      }
    }
  }, {
    "objectGuid" : "a7s3myYdQsvl9DmAp6oDQw",
    "objectName" : "m_projects_customer_output_service_contract",
    "objectType" : "DTEMPLATE",
    "path" : "/Explore/SAP_Data_migration/O2C",
    "providerName" : null,
    "metadata" : {
      "modelVersion" : {
        "major" : 0,
        "minor" : 0
      },
      "repoInfo" : {
        "repoHandle" : "011FZB170000000000DA"
      },
      "objectRefs" : [ "2gvo7muCjKikhLYqEMxC4c", "3e7MsmCtmkddWJfiOhxW06", "0bAIHLvhE0wjIgqWb4Q6Gd" ],
      "contextAttributes" : [ {
        "name" : "id",
        "value" : "@1"
      } ],
      "additionalInfo" : {
        "description" : "",
        "contentType" : "JSON",
        "documentState" : "VALID"
      }
    }
  }, {
    "objectGuid" : "hgOhM13nGWqkdbNXSRNmI7",
    "objectName" : "Archive",
    "objectType" : "Folder",
    "path" : "/Explore/SAP_Data_migration",
    "providerName" : null,
    "metadata" : {
      "modelVersion" : {
        "major" : 0,
        "minor" : 0
      },
      "repoInfo" : null,
      "objectRefs" : [ ],
      "contextAttributes" : [ ],
      "additionalInfo" : {
        "description" : "",
        "contentType" : "Binary",
        "documentState" : "COMPLETE"
      }
    }
  }, {
    "objectGuid" : "5hALBEsiJeJbahuz5L6oO3",
    "objectName" : "m_customer_dedup",
    "objectType" : "DTEMPLATE",
    "path" : "/Explore/SAP_Data_migration/O2C",
    "providerName" : null,
    "metadata" : {
      "modelVersion" : {
        "major" : 0,
        "minor" : 0
      },
      "repoInfo" : {
        "repoHandle" : "011FZB170000000000CV"
      },
      "objectRefs" : [ "2gvo7muCjKikhLYqEMxC4c", "5FSQWYnMSJQiovBIB85CiN" ],
      "contextAttributes" : [ {
        "name" : "id",
        "value" : "@1"
      } ],
      "additionalInfo" : {
        "description" : "",
        "contentType" : "JSON",
        "documentState" : "VALID"
      }
    }
  }, {
    "objectGuid" : "kD3CwPirGIwiBDHesAEaCp",
    "objectName" : "SAP_IN_AP_Open_items",
    "objectType" : "Connection",
    "path" : "/SYS",
    "providerName" : null,
    "metadata" : {
      "modelVersion" : {
        "major" : 0,
        "minor" : 0
      },
      "repoInfo" : {
        "repoHandle" : "011FZB0B00000000002N"
      },
      "objectRefs" : [ "1Dzap87NwIjbXIKQvLumkV" ],
      "contextAttributes" : [ {
        "name" : "id",
        "value" : "@1"
      } ],
      "additionalInfo" : {
        "description" : "SAP AP open Items",
        "contentType" : "JSON",
        "documentState" : "COMPLETE"
      }
    }
  }, {
    "objectGuid" : "8W20RArWdoxjbTbiWcdJ4m",
    "objectName" : "mt_template",
    "objectType" : "MTT",
    "path" : "/Explore/SAP_Data_migration/ANAND_POC",
    "providerName" : null,
    "metadata" : {
      "modelVersion" : {
        "major" : 0,
        "minor" : 0
      },
      "repoInfo" : {
        "repoHandle" : "011FZB0Z00000000009B"
      },
      "objectRefs" : [ "jXayLuLj5AJdPzcV7ZrK8P", "1Dzap87NwIjbXIKQvLumkV", "3ribft3s2UpcSAFWdJFLCQ", "9HB3dtsvt2PcrERLLe21a2" ],
      "contextAttributes" : [ {
        "name" : "id",
        "value" : "@1"
      } ],
      "additionalInfo" : {
        "description" : null,
        "contentType" : "JSON",
        "documentState" : "INVALID"
      }
    }
  }, {
    "objectGuid" : "8z8RhzKx74EkpKGrWvfsA8",
    "objectName" : "m_DM018_fixed_asset_balance",
    "objectType" : "DTEMPLATE",
    "path" : "/Explore/SAP_Data_migration/R2R",
    "providerName" : null,
    "metadata" : {
      "modelVersion" : {
        "major" : 0,
        "minor" : 0
      },
      "repoInfo" : {
        "repoHandle" : "011FZB170000000000CU"
      },
      "objectRefs" : [ "2gvo7muCjKikhLYqEMxC4c", "jXayLuLj5AJdPzcV7ZrK8P", "5FSQWYnMSJQiovBIB85CiN" ],
      "contextAttributes" : [ {
        "name" : "id",
        "value" : "@1"
      } ],
      "additionalInfo" : {
        "description" : "02/09/2025 - Field Asset Balance file",
        "contentType" : "JSON",
        "documentState" : "VALID"
      }
    }
  }, {
    "objectGuid" : "3JOG62oscbkheAPqilzYWp",
    "objectName" : "SAP_Data_migration",
    "objectType" : "Project",
    "path" : "/Explore",
    "providerName" : null,
    "metadata" : {
      "modelVersion" : {
        "major" : 0,
        "minor" : 0
      },
      "repoInfo" : null,
      "objectRefs" : [ ],
      "contextAttributes" : [ ],
      "additionalInfo" : {
        "description" : "27/06/2025- New for SAP Data migration",
        "contentType" : "Binary",
        "documentState" : "COMPLETE"
      }
    }
  }, {
    "objectGuid" : "9r1WIYJvCojkeTgD7xRegR",
    "objectName" : "m_DM021_AP_open_items",
    "objectType" : "DTEMPLATE",
    "path" : "/Explore/SAP_Data_migration/R2R",
    "providerName" : null,
    "metadata" : {
      "modelVersion" : {
        "major" : 0,
        "minor" : 0
      },
      "repoInfo" : {
        "repoHandle" : "011FZB170000000000CW"
      },
      "objectRefs" : [ "2gvo7muCjKikhLYqEMxC4c", "jXayLuLj5AJdPzcV7ZrK8P", "5FSQWYnMSJQiovBIB85CiN", "1RZ0i069OIni5hMwCaFaiH", "bSPTz5kfD4wbL4T8CWtKQW" ],
      "contextAttributes" : [ {
        "name" : "id",
        "value" : "@1"
      } ],
      "additionalInfo" : {
        "description" : "C.N.Venkatasubramanian\n08/09/2025 - Initial mapping Creation for AP Open items.  \nSteps are\n1) AP Open items are downloaded from SAP S/4 Hana V1 enterprise. \n2) Downloaded the excel file and rename as AP_open_items.xsx \n3) Place Xlsx file in M:\\SAP\\Input\\R2R\\DM021_FI-AP Open Items\\Excel\n4) Using Python Script to convert excel into Text file. \n3)  Mapping will read the excel file. Task name is SRC_Reading_Excel_File_AP_open_items\n4) Filters are used to restrict the data. Task name is Filter_by_company_code\n5) Transformation will Transform the Data into Required LTMC format\n6) Adding Sequence Number is automatic Generation of Sequence number\n",
        "contentType" : "JSON",
        "documentState" : "VALID"
      }
    }
  }, {
    "objectGuid" : "7WpPdbdqKJtkewAJQS6Bkj",
    "objectName" : "m_supplier_company_code",
    "objectType" : "DTEMPLATE",
    "path" : "/Explore/SAP_Data_migration/R2R",
    "providerName" : null,
    "metadata" : {
      "modelVersion" : {
        "major" : 0,
        "minor" : 0
      },
      "repoInfo" : {
        "repoHandle" : "011FZB170000000000CH"
      },
      "objectRefs" : [ "2gvo7muCjKikhLYqEMxC4c", "1RZ0i069OIni5hMwCaFaiH", "dtfAKfcspiIiCqyTQYewOf", "bSPTz5kfD4wbL4T8CWtKQW", "0bAIHLvhE0wjIgqWb4Q6Gd", "4m5DiZob4hQbNFOWStL5a9" ],
      "contextAttributes" : [ {
        "name" : "id",
        "value" : "@1"
      } ],
      "additionalInfo" : {
        "description" : "",
        "contentType" : "JSON",
        "documentState" : "VALID"
      }
    }
  }, {
    "objectGuid" : "6ArdEaycfGUk9ZSCP1maIg",
    "objectName" : "SAP_IN_GL_ACCOUNTS_COMPANY_CODE",
    "objectType" : "Connection",
    "path" : "/SYS",
    "providerName" : null,
    "metadata" : {
      "modelVersion" : {
        "major" : 0,
        "minor" : 0
      },
      "repoInfo" : {
        "repoHandle" : "011FZB0B00000000002T"
      },
      "objectRefs" : [ "1Dzap87NwIjbXIKQvLumkV" ],
      "contextAttributes" : [ {
        "name" : "id",
        "value" : "@1"
      } ],
      "additionalInfo" : {
        "description" : "GL Accounts in Company code Level",
        "contentType" : "JSON",
        "documentState" : "COMPLETE"
      }
    }
  }, {
    "objectGuid" : "2gvo7muCjKikhLYqEMxC4c",
    "objectName" : "SAP_DM_DEV_SQL",
    "objectType" : "Connection",
    "path" : "/SYS",
    "providerName" : null,
    "metadata" : {
      "modelVersion" : {
        "major" : 0,
        "minor" : 0
      },
      "repoInfo" : {
        "repoHandle" : "011FZB0B00000000002K"
      },
      "objectRefs" : [ "1Dzap87NwIjbXIKQvLumkV" ],
      "contextAttributes" : [ {
        "name" : "id",
        "value" : "@1"
      } ],
      "additionalInfo" : {
        "description" : "SQL Server connection for SAP Data migration DEV",
        "contentType" : "JSON",
        "documentState" : "COMPLETE"
      }
    }
  }, {
    "objectGuid" : "5RLlhjEDAc3bnEFKFIpRiF",
    "objectName" : "m_Projects_customer_duplicate_check",
    "objectType" : "DTEMPLATE",
    "path" : "/Explore/SAP_Data_migration/O2C",
    "providerName" : null,
    "metadata" : {
      "modelVersion" : {
        "major" : 0,
        "minor" : 0
      },
      "repoInfo" : {
        "repoHandle" : "011FZB170000000000E5"
      },
      "objectRefs" : [ "2gvo7muCjKikhLYqEMxC4c", "5FSQWYnMSJQiovBIB85CiN" ],
      "contextAttributes" : [ {
        "name" : "id",
        "value" : "@1"
      } ],
      "additionalInfo" : {
        "description" : "",
        "contentType" : "JSON",
        "documentState" : "VALID"
      }
    }
  }, {
    "objectGuid" : "4gOGIj1tvKZcMM2WenVwQY",
    "objectName" : "tf_python",
    "objectType" : "TASKFLOW",
    "path" : "/Explore/SAP_Data_migration/ANAND_POC",
    "providerName" : null,
    "metadata" : {
      "modelVersion" : {
        "major" : 1,
        "minor" : 0
      },
      "repoInfo" : {
        "repoHandle" : "zOZduD2L5SeE1Ko-gt-17589991-2025-08-22T21:16:49.408Z::tf.xml"
      },
      "objectRefs" : [ "1Dzap87NwIjbXIKQvLumkV" ],
      "contextAttributes" : null,
      "additionalInfo" : {
        "description" : "",
        "contentType" : "application/json; charset=utf-8",
        "documentState" : "VALID"
      }
    }
  }, {
    "objectGuid" : "aEvHdioxDYWj140du8HBeR",
    "objectName" : "ISM_GL_Trial_Balance",
    "objectType" : "STRUCTURE_DISCOVERY",
    "path" : "/Explore/SAP_Data_migration/R2R",
    "providerName" : null,
    "metadata" : {
      "modelVersion" : {
        "major" : 0,
        "minor" : 0
      },
      "repoInfo" : {
        "repoHandle" : "011FZB30000000000005"
      },
      "objectRefs" : [ ],
      "contextAttributes" : [ {
        "name" : "id",
        "value" : "@1"
      } ],
      "additionalInfo" : {
        "description" : "GL Balance Structure",
        "contentType" : "JSON",
        "documentState" : "VALID"
      }
    }
  }, {
    "objectGuid" : "0f14kfhrD04f3gbUxd7KmH",
    "objectName" : "m_DM505_ZB01_Pricing_condition_AdminFee",
    "objectType" : "DTEMPLATE",
    "path" : "/Explore/SAP_Data_migration/Bharath_test",
    "providerName" : null,
    "metadata" : {
      "modelVersion" : {
        "major" : 0,
        "minor" : 0
      },
      "repoInfo" : {
        "repoHandle" : "011FZB170000000000E2"
      },
      "objectRefs" : [ "2gvo7muCjKikhLYqEMxC4c", "jXayLuLj5AJdPzcV7ZrK8P", "5FSQWYnMSJQiovBIB85CiN" ],
      "contextAttributes" : [ {
        "name" : "id",
        "value" : "@1"
      } ],
      "additionalInfo" : {
        "description" : "",
        "contentType" : "JSON",
        "documentState" : "VALID"
      }
    }
  }, {
    "objectGuid" : "53s9ZWstKPngh8avwzniCe",
    "objectName" : "m_Supplier",
    "objectType" : "DTEMPLATE",
    "path" : "/Explore/SAP_Data_migration/R2R",
    "providerName" : null,
    "metadata" : {
      "modelVersion" : {
        "major" : 0,
        "minor" : 0
      },
      "repoInfo" : {
        "repoHandle" : "011FZB170000000000CN"
      },
      "objectRefs" : [ "2gvo7muCjKikhLYqEMxC4c", "4eUadPpA1f5bGGuARzJ5kU", "1RZ0i069OIni5hMwCaFaiH", "dtfAKfcspiIiCqyTQYewOf", "bSPTz5kfD4wbL4T8CWtKQW", "0bAIHLvhE0wjIgqWb4Q6Gd", "4m5DiZob4hQbNFOWStL5a9" ],
      "contextAttributes" : [ {
        "name" : "id",
        "value" : "@1"
      } ],
      "additionalInfo" : {
        "description" : "",
        "contentType" : "JSON",
        "documentState" : "VALID"
      }
    }
  }, {
    "objectGuid" : "iqGOnBStXORiNsSjIVmdec",
    "objectName" : "m_DM023_gl_Trial_balance_Large_files_Balance Only_ML3_OIM_NONOIM_final_v1",
    "objectType" : "DTEMPLATE",
    "path" : "/Explore/SAP_Data_migration/R2R",
    "providerName" : null,
    "metadata" : {
      "modelVersion" : {
        "major" : 0,
        "minor" : 0
      },
      "repoInfo" : {
        "repoHandle" : "011FZB170000000000EA"
      },
      "objectRefs" : [ "2gvo7muCjKikhLYqEMxC4c", "jXayLuLj5AJdPzcV7ZrK8P", "5FSQWYnMSJQiovBIB85CiN", "1RZ0i069OIni5hMwCaFaiH", "bSPTz5kfD4wbL4T8CWtKQW" ],
      "contextAttributes" : [ {
        "name" : "id",
        "value" : "@1"
      } ],
      "additionalInfo" : {
        "description" : "Mapping for Loading Trial Balance\n04/12/2025 - After ML2, Requirement to  Produce only Balance\n19/12/2025 - GL to Produce Non-OIM file with two Ledger Groups(OL/2L)\nOpen Item Managed with out ledger group  ",
        "contentType" : "JSON",
        "documentState" : "VALID"
      }
    }
  }, {
    "objectGuid" : "6TIQ8WbPF0Bd96XzNVDQ0R",
    "objectName" : "m_gl_Trial_balance",
    "objectType" : "DTEMPLATE",
    "path" : "/Explore/SAP_Data_migration/R2R",
    "providerName" : null,
    "metadata" : {
      "modelVersion" : {
        "major" : 0,
        "minor" : 0
      },
      "repoInfo" : {
        "repoHandle" : "011FZB170000000000CI"
      },
      "objectRefs" : [ "2gvo7muCjKikhLYqEMxC4c", "jXayLuLj5AJdPzcV7ZrK8P", "5FSQWYnMSJQiovBIB85CiN" ],
      "contextAttributes" : [ {
        "name" : "id",
        "value" : "@1"
      } ],
      "additionalInfo" : {
        "description" : "Mapping for Loading Trial Balance",
        "contentType" : "JSON",
        "documentState" : "VALID"
      }
    }
  }, {
    "objectGuid" : "ipMJSlqfy2FlqPe7Xuokav",
    "objectName" : "Mapping10",
    "objectType" : "DTEMPLATE",
    "path" : "/Explore/SAP_Data_migration/Bharath_test",
    "providerName" : null,
    "metadata" : {
      "modelVersion" : {
        "major" : 0,
        "minor" : 0
      },
      "repoInfo" : {
        "repoHandle" : "011FZB170000000000DB"
      },
      "objectRefs" : [ "5FSQWYnMSJQiovBIB85CiN" ],
      "contextAttributes" : [ {
        "name" : "id",
        "value" : "@1"
      } ],
      "additionalInfo" : {
        "description" : "",
        "contentType" : "JSON",
        "documentState" : "VALID"
      }
    }
  }, {
    "objectGuid" : "4m5DiZob4hQbNFOWStL5a9",
    "objectName" : "UDF_EMAIL",
    "objectType" : "UDF",
    "path" : "/Explore/SAP_Data_migration/UDF",
    "providerName" : null,
    "metadata" : {
      "modelVersion" : {
        "major" : 0,
        "minor" : 0
      },
      "repoInfo" : {
        "repoHandle" : "011FZB41000000000003"
      },
      "objectRefs" : [ ],
      "contextAttributes" : [ {
        "name" : "id",
        "value" : "@1"
      } ],
      "additionalInfo" : {
        "description" : "",
        "contentType" : "JSON",
        "documentState" : "VALID"
      }
    }
  }, {
    "objectGuid" : "6Z0CYmCWZc3dcpI5lpe66P",
    "objectName" : "mt_Activity_Types_Anand",
    "objectType" : "MTT",
    "path" : "/Explore/SAP_Data_migration/ANAND_POC",
    "providerName" : null,
    "metadata" : {
      "modelVersion" : {
        "major" : 0,
        "minor" : 0
      },
      "repoInfo" : {
        "repoHandle" : "011FZB0Z00000000009D"
      },
      "objectRefs" : [ "jXayLuLj5AJdPzcV7ZrK8P", "2uusbwwRXNTcsciXP6JvQL", "1Dzap87NwIjbXIKQvLumkV", "8aDE4hHJuydidy3TMEfE25" ],
      "contextAttributes" : [ {
        "name" : "id",
        "value" : "@1"
      } ],
      "additionalInfo" : {
        "description" : null,
        "contentType" : "JSON",
        "documentState" : "INVALID"
      }
    }
  }, {
    "objectGuid" : "1MNjkrRoMmXe5IhGdJrNEl",
    "objectName" : "m_DM023_gl_Trial_balance_ML2",
    "objectType" : "DTEMPLATE",
    "path" : "/Explore/SAP_Data_migration/R2R",
    "providerName" : null,
    "metadata" : {
      "modelVersion" : {
        "major" : 0,
        "minor" : 0
      },
      "repoInfo" : {
        "repoHandle" : "011FZB170000000000D6"
      },
      "objectRefs" : [ "2gvo7muCjKikhLYqEMxC4c", "jXayLuLj5AJdPzcV7ZrK8P", "5FSQWYnMSJQiovBIB85CiN", "1RZ0i069OIni5hMwCaFaiH", "bSPTz5kfD4wbL4T8CWtKQW" ],
      "contextAttributes" : [ {
        "name" : "id",
        "value" : "@1"
      } ],
      "additionalInfo" : {
        "description" : "Mapping for Loading Trial Balance\n03/11/2025 - Mapping is changed to Pickup from Share point instead of GL Master",
        "contentType" : "JSON",
        "documentState" : "VALID"
      }
    }
  }, {
    "objectGuid" : "31c4DmIyIIsjDZLzpTulO5",
    "objectName" : "Mapping14",
    "objectType" : "DTEMPLATE",
    "path" : "/Explore/SAP_Data_migration/Bharath_test",
    "providerName" : null,
    "metadata" : {
      "modelVersion" : {
        "major" : 0,
        "minor" : 0
      },
      "repoInfo" : {
        "repoHandle" : "011FZB170000000000DO"
      },
      "objectRefs" : [ "2gvo7muCjKikhLYqEMxC4c", "5FSQWYnMSJQiovBIB85CiN" ],
      "contextAttributes" : [ {
        "name" : "id",
        "value" : "@1"
      } ],
      "additionalInfo" : {
        "description" : "",
        "contentType" : "JSON",
        "documentState" : "VALID"
      }
    }
  }, {
    "objectGuid" : "f9Chundicu2eWw8jO6hXgC",
    "objectName" : "m_csv_sqlserver",
    "objectType" : "DTEMPLATE",
    "path" : "/Explore/SAP_Data_migration/Template",
    "providerName" : null,
    "metadata" : {
      "modelVersion" : {
        "major" : 0,
        "minor" : 0
      },
      "repoInfo" : {
        "repoHandle" : "011FZB170000000000CF"
      },
      "objectRefs" : [ "2gvo7muCjKikhLYqEMxC4c", "5FSQWYnMSJQiovBIB85CiN" ],
      "contextAttributes" : [ {
        "name" : "id",
        "value" : "@1"
      } ],
      "additionalInfo" : {
        "description" : "",
        "contentType" : "JSON",
        "documentState" : "VALID"
      }
    }
  }, {
    "objectGuid" : "lnrlqlXPDCefHB1VPZvIId",
    "objectName" : "m_Projects_Product_mapping",
    "objectType" : "DTEMPLATE",
    "path" : "/Explore/SAP_Data_migration/O2C",
    "providerName" : null,
    "metadata" : {
      "modelVersion" : {
        "major" : 0,
        "minor" : 0
      },
      "repoInfo" : {
        "repoHandle" : "011FZB170000000000E1"
      },
      "objectRefs" : [ "2gvo7muCjKikhLYqEMxC4c", "5FSQWYnMSJQiovBIB85CiN" ],
      "contextAttributes" : [ {
        "name" : "id",
        "value" : "@1"
      } ],
      "additionalInfo" : {
        "description" : "",
        "contentType" : "JSON",
        "documentState" : "VALID"
      }
    }
  }, {
    "objectGuid" : "ccnmKZ2QGm5kKm5ulHL5OU",
    "objectName" : "Bharath_test",
    "objectType" : "Folder",
    "path" : "/Explore/SAP_Data_migration",
    "providerName" : null,
    "metadata" : {
      "modelVersion" : {
        "major" : 0,
        "minor" : 0
      },
      "repoInfo" : null,
      "objectRefs" : [ ],
      "contextAttributes" : [ ],
      "additionalInfo" : {
        "description" : "",
        "contentType" : "Binary",
        "documentState" : "COMPLETE"
      }
    }
  }, {
    "objectGuid" : "cUYsRWV8MkYiDOWZ7GQsa4",
    "objectName" : "tf_customer",
    "objectType" : "TASKFLOW",
    "path" : "/Explore/SAP_Data_migration/Archive",
    "providerName" : null,
    "metadata" : {
      "modelVersion" : {
        "major" : 1,
        "minor" : 0
      },
      "repoInfo" : {
        "repoHandle" : "FuR55aaabdqpw0V-gt-30961452-2025-09-09T10:13:23.513Z::tf.xml"
      },
      "objectRefs" : [ "5sV3WeCJlEEcHIGNfqZf4U", "5QH95245lkZdSOaibpz3gT" ],
      "contextAttributes" : null,
      "additionalInfo" : {
        "description" : "",
        "contentType" : "application/json; charset=utf-8",
        "documentState" : "VALID"
      }
    }
  } ]
}