<aetgt:getResponse xmlns:aetgt="http://schemas.active-endpoints.com/appmodules/repository/2010/10/avrepository.xsd"
                   xmlns:types1="http://schemas.active-endpoints.com/appmodules/repository/2010/10/avrepository.xsd">
   <types1:Item>
      <types1:EntryId>zOZduD2L5SeE1Ko-gt-17589991-2025-08-22T21:16:49.408Z::tf.xml</types1:EntryId>
      <types1:Name>tf_python</types1:Name>
      <types1:MimeType>application/xml+taskflow</types1:MimeType>
      <types1:Description/>
      <types1:AppliesTo/>
      <types1:Tags/>
      <types1:VersionLabel>1.0</types1:VersionLabel>
      <types1:State>CURRENT</types1:State>
      <types1:ProcessGroup/>
      <types1:CreatedBy>anand.angamuthu.contractor@vistra.com</types1:CreatedBy>
      <types1:CreationDate>2025-08-22T21:16:49Z</types1:CreationDate>
      <types1:ModifiedBy>anand.angamuthu.contractor@vistra.com</types1:ModifiedBy>
      <types1:ModificationDate>2025-08-22T21:30:15Z</types1:ModificationDate>
      <types1:PublicationStatus>published</types1:PublicationStatus>
      <types1:PublishedBy>anand.angamuthu.contractor@vistra.com</types1:PublishedBy>
      <types1:PublicationDate>2025-08-22T21:30:19Z</types1:PublicationDate>
      <types1:PublishedContributionId>project:/tf.tf_python/tf_python.tf.xml</types1:PublishedContributionId>
      <types1:Entry>
         <taskflow xmlns="http://schemas.active-endpoints.com/appmodules/screenflow/2010/10/avosScreenflow.xsd"
                   xmlns:tfm="http://schemas.active-endpoints.com/appmodules/screenflow/2021/04/taskflowModel.xsd"
                   xmlns:list="urn:activevos:spi:list:functions"
                   displayName="tf_python"
                   name="tf_python"
                   overrideAPIName="false">
            <parameterSet xmlns="http://schemas.active-endpoints.com/appmodules/screenflow/2021/04/taskflowModel.xsd"/>
            <appliesTo/>
            <description/>
            <tags/>
            <generator>Informatica Process Designer 11</generator>
            <tempFields>
               <field description="" name="Command Task 1" type="reference">
                  <options>
                     <option name="referenceTo">$po:INFA-commandTask</option>
                     <option name="failOnNotRun">false</option>
                     <option name="failOnFault">false</option>
                  </options>
               </field>
            </tempFields>
            <notes/>
            <deployment skipIfRunning="false" suspendOnFault="false" tracingLevel="verbose">
               <rest/>
            </deployment>
            <extData>
               <nvpair name="treatEmptyStringAsNotNull">false</nvpair>
               <nvpair name="treatEmptyObjectListAsArray">false</nvpair>
            </extData>
            <flow id="a">
               <start id="b">
                  <link id="menbygja" targetId="menbygkk"/>
               </start>
               <eventContainer id="menbygkk">
                  <service id="menbygj9">
                     <title>Command Task 1</title>
                     <serviceName>ICSExecuteCommandTask</serviceName>
                     <serviceGUID/>
                     <serviceInput>
                        <parameter name="Task Name" source="constant">Command Task 1</parameter>
                        <parameter name="Wait for Task to Complete" source="constant">true</parameter>
                        <parameter name="Runtime Environment" source="constant">011FZB25000000000070:SRVAWSDVIPQAG11</parameter>
                        <parameter name="Max Wait" source="constant">86400</parameter>
                        <parameter name="Script Name" source="constant"/>
                        <parameter name="Input Arguments" source="constant"/>
                        <parameter name="Work Directory" source="constant"/>
                        <parameter name="RuntimeEnvGUID" source="constant">1Dzap87NwIjbXIKQvLumkV</parameter>
                        <parameter name="FailTaskIfAnyScriptFails" source="constant">true</parameter>
                        <parameter name="taskField" source="nested">
                           <operation source="field" to="INFA-commandTask">temp.Command Task 1</operation>
                           <operation source="constant" to="INFA-commandTask/input[1]/script-1/name">Script1</operation>
                           <operation source="constant" to="INFA-commandTask/input[1]/script-1/scriptName">"write_template.py"</operation>
                           <operation source="constant"
                                      to="INFA-commandTask/input[1]/script-1/inputArguments"/>
                           <operation source="constant" to="INFA-commandTask/input[1]/script-1/workDir">"\\fs-0ffebe3ff6fe3b1f7.vaws.local\share\SAP\Others\Scripts"</operation>
                        </parameter>
                     </serviceInput>
                     <serviceOutput>
                        <operation source="field" to="temp.Command Task 1/output/Run_Id">Run Id</operation>
                        <operation source="field" to="temp.Command Task 1/output/Start_Time">Start Time</operation>
                        <operation source="field" to="temp.Command Task 1/output/End_Time">End Time</operation>
                        <operation source="field" to="temp.Command Task 1/output/Exit_Code">Exit Code</operation>
                        <operation source="field" to="temp.Command Task 1/output/Execution_Status">Execution Status</operation>
                        <operation source="field" to="temp.Command Task 1/output/Std_Error">Std Error</operation>
                     </serviceOutput>
                  </service>
                  <link id="menbygjb" targetId="c"/>
                  <events>
                     <catch faultField="temp.Command Task 1/fault"
                            id="menbygkj"
                            interrupting="true"
                            name="error">
                        <suspend/>
                     </catch>
                  </events>
               </eventContainer>
               <end id="c"/>
            </flow>
            <dependencies>
               <processObject xmlns="http://schemas.active-endpoints.com/appmodules/screenflow/2011/06/avosHostEnvironment.xsd"
                              displayName="INFA-commandTask"
                              isByCopy="true"
                              name="INFA-commandTask">
                  <description>This process object represents a taskflow specific command task output field details.</description>
                  <tags/>
                  <detail>
                     <field label="Output Parameters"
                            name="output"
                            nullable="true"
                            required="false"
                            type="reference"/>
                     <field label="Fault"
                            name="fault"
                            nullable="true"
                            required="false"
                            type="reference"/>
                  </detail>
               </processObject>
            </dependencies>
         </taskflow>
      </types1:Entry>
      <types1:GUID>4gOGIj1tvKZcMM2WenVwQY</types1:GUID>
      <types1:DisplayName>tf_python</types1:DisplayName>
   </types1:Item>
   <types1:CurrentServerDateTime>2025-10-01T10:37:42.308Z</types1:CurrentServerDateTime>
</aetgt:getResponse>
