objectPath,objectName,objectType,id
/Explore/SAP_Data_migration/O2C,m_projects_customer_output,DTEMPLATE,7tJEPU0yzinhSHfYAB6qsQ
/Explore/SAP_Data_migration/O2C,m_projects_customer_output_bkp_dec25,DTEMPLATE,ak9aa3d3sEmkc8wT8uP3MB
/Explore/SAP_Data_migration/O2C,m_projects_customer_output_us_ca - Copy 1,DTEMPLATE,5JyvC9TOHSlfjZyzD3Z7K0
/Explore/SAP_Data_migration,O2C,Folder,gELRTS4zkaLkPvtPKUSk8z
/Explore/SAP_Data_migration/O2C,m_projects_customer_output_bkp_v2,DTEMPLATE,dDOR3mhr4a3f9DAIEKO2CT
/Explore/SAP_Data_migration/O2C,m_projects_customer_output_iipay,DTEMPLATE,0eRI7PYev7cfbkPnGXkpmZ
/Explore/SAP_Data_migration/O2C,m_projects_customer_output_service_contract,DTEMPLATE,a7s3myYdQsvl9DmAp6oDQw
/Explore/SAP_Data_migration/O2C,m_projects_customer_output_viewpoint,DTEMPLATE,4HcIH3FVy4HirHxbhDP8a7
/Explore,SAP_Data_migration,Project,3JOG62oscbkheAPqilzYWp
/Explore/SAP_Data_migration/O2C,m_projects_customer_output_us_ca,DTEMPLATE,d5QsfCBQ0c0jLzOEEpfQw6
/Explore/SAP_Data_migration/O2C,m_customer_output,DTEMPLATE,3CGSIhAC2t1j698d1KCss3
/Explore/SAP_Data_migration/O2C,m_projects_customer_output_bkp,DTEMPLATE,ckLHKzuF3K2jaGnSHa5lSS