{
  "name" : "o2c_mappings without dependencies",
  "sourceOrgId" : "f88JNmDAe05jdSSayUb5gx",
  "sourceOrgName" : "Vistra Group.QA",
  "exportedObjects" : [ {
    "objectGuid" : "2gvo7muCjKikhLYqEMxC4c",
    "objectName" : "SAP_DM_DEV_SQL",
    "objectType" : "Connection",
    "path" : "/SYS",
    "providerName" : null,
    "metadata" : {
      "modelVersion" : {
        "major" : 0,
        "minor" : 0
      },
      "repoInfo" : {
        "repoHandle" : "011FZB0B00000000002K"
      },
      "objectRefs" : [ ],
      "contextAttributes" : null,
      "additionalInfo" : {
        "description" : "SQL Server connection for SAP Data migration DEV",
        "contentType" : "JSON",
        "documentState" : "COMPLETE"
      }
    }
  }, {
    "objectGuid" : "7tJEPU0yzinhSHfYAB6qsQ",
    "objectName" : "m_projects_customer_output",
    "objectType" : "DTEMPLATE",
    "path" : "/Explore/SAP_Data_migration/O2C",
    "providerName" : null,
    "metadata" : {
      "modelVersion" : {
        "major" : 0,
        "minor" : 0
      },
      "repoInfo" : {
        "repoHandle" : "011FZB170000000000CS"
      },
      "objectRefs" : [ "2gvo7muCjKikhLYqEMxC4c", "3e7MsmCtmkddWJfiOhxW06", "bSPTz5kfD4wbL4T8CWtKQW", "0bAIHLvhE0wjIgqWb4Q6Gd" ],
      "contextAttributes" : [ {
        "name" : "id",
        "value" : "@1"
      } ],
      "additionalInfo" : {
        "description" : "",
        "contentType" : "JSON",
        "documentState" : "VALID"
      }
    }
  }, {
    "objectGuid" : "ak9aa3d3sEmkc8wT8uP3MB",
    "objectName" : "m_projects_customer_output_bkp_dec25",
    "objectType" : "DTEMPLATE",
    "path" : "/Explore/SAP_Data_migration/O2C",
    "providerName" : null,
    "metadata" : {
      "modelVersion" : {
        "major" : 0,
        "minor" : 0
      },
      "repoInfo" : {
        "repoHandle" : "011FZB170000000000DQ"
      },
      "objectRefs" : [ "2gvo7muCjKikhLYqEMxC4c", "3e7MsmCtmkddWJfiOhxW06", "bSPTz5kfD4wbL4T8CWtKQW", "0bAIHLvhE0wjIgqWb4Q6Gd" ],
      "contextAttributes" : [ {
        "name" : "id",
        "value" : "@1"
      } ],
      "additionalInfo" : {
        "description" : "",
        "contentType" : null,
        "documentState" : "VALID"
      }
    }
  }, {
    "objectGuid" : "3e7MsmCtmkddWJfiOhxW06",
    "objectName" : "SAP_IN_Look_up_2",
    "objectType" : "Connection",
    "path" : "/SYS",
    "providerName" : null,
    "metadata" : {
      "modelVersion" : {
        "major" : 0,
        "minor" : 0
      },
      "repoInfo" : {
        "repoHandle" : "011FZB0B00000000003K"
      },
      "objectRefs" : [ ],
      "contextAttributes" : null,
      "additionalInfo" : {
        "description" : "Input Look up Values",
        "contentType" : "JSON",
        "documentState" : "COMPLETE"
      }
    }
  }, {
    "objectGuid" : "5JyvC9TOHSlfjZyzD3Z7K0",
    "objectName" : "m_projects_customer_output_us_ca - Copy 1",
    "objectType" : "DTEMPLATE",
    "path" : "/Explore/SAP_Data_migration/O2C",
    "providerName" : null,
    "metadata" : {
      "modelVersion" : {
        "major" : 0,
        "minor" : 0
      },
      "repoInfo" : {
        "repoHandle" : "011FZB170000000000E6"
      },
      "objectRefs" : [ "2gvo7muCjKikhLYqEMxC4c", "3e7MsmCtmkddWJfiOhxW06", "0bAIHLvhE0wjIgqWb4Q6Gd" ],
      "contextAttributes" : [ {
        "name" : "id",
        "value" : "@1"
      } ],
      "additionalInfo" : {
        "description" : "",
        "contentType" : null,
        "documentState" : "VALID"
      }
    }
  }, {
    "objectGuid" : "gELRTS4zkaLkPvtPKUSk8z",
    "objectName" : "O2C",
    "objectType" : "Folder",
    "path" : "/Explore/SAP_Data_migration",
    "providerName" : null,
    "metadata" : {
      "modelVersion" : {
        "major" : 0,
        "minor" : 0
      },
      "repoInfo" : null,
      "objectRefs" : [ ],
      "contextAttributes" : [ ],
      "additionalInfo" : {
        "description" : "Folder for O2C",
        "contentType" : "Binary",
        "documentState" : "COMPLETE"
      }
    }
  }, {
    "objectGuid" : "dDOR3mhr4a3f9DAIEKO2CT",
    "objectName" : "m_projects_customer_output_bkp_v2",
    "objectType" : "DTEMPLATE",
    "path" : "/Explore/SAP_Data_migration/O2C",
    "providerName" : null,
    "metadata" : {
      "modelVersion" : {
        "major" : 0,
        "minor" : 0
      },
      "repoInfo" : {
        "repoHandle" : "011FZB170000000000D2"
      },
      "objectRefs" : [ "2gvo7muCjKikhLYqEMxC4c", "0bAIHLvhE0wjIgqWb4Q6Gd" ],
      "contextAttributes" : [ {
        "name" : "id",
        "value" : "@1"
      } ],
      "additionalInfo" : {
        "description" : "",
        "contentType" : null,
        "documentState" : "VALID"
      }
    }
  }, {
    "objectGuid" : "0eRI7PYev7cfbkPnGXkpmZ",
    "objectName" : "m_projects_customer_output_iipay",
    "objectType" : "DTEMPLATE",
    "path" : "/Explore/SAP_Data_migration/O2C",
    "providerName" : null,
    "metadata" : {
      "modelVersion" : {
        "major" : 0,
        "minor" : 0
      },
      "repoInfo" : {
        "repoHandle" : "011FZB170000000000DG"
      },
      "objectRefs" : [ "2gvo7muCjKikhLYqEMxC4c", "3e7MsmCtmkddWJfiOhxW06", "0bAIHLvhE0wjIgqWb4Q6Gd" ],
      "contextAttributes" : [ {
        "name" : "id",
        "value" : "@1"
      } ],
      "additionalInfo" : {
        "description" : "",
        "contentType" : "JSON",
        "documentState" : "VALID"
      }
    }
  }, {
    "objectGuid" : "a7s3myYdQsvl9DmAp6oDQw",
    "objectName" : "m_projects_customer_output_service_contract",
    "objectType" : "DTEMPLATE",
    "path" : "/Explore/SAP_Data_migration/O2C",
    "providerName" : null,
    "metadata" : {
      "modelVersion" : {
        "major" : 0,
        "minor" : 0
      },
      "repoInfo" : {
        "repoHandle" : "011FZB170000000000DA"
      },
      "objectRefs" : [ "2gvo7muCjKikhLYqEMxC4c", "3e7MsmCtmkddWJfiOhxW06", "0bAIHLvhE0wjIgqWb4Q6Gd" ],
      "contextAttributes" : [ {
        "name" : "id",
        "value" : "@1"
      } ],
      "additionalInfo" : {
        "description" : "",
        "contentType" : "JSON",
        "documentState" : "VALID"
      }
    }
  }, {
    "objectGuid" : "bSPTz5kfD4wbL4T8CWtKQW",
    "objectName" : "SAP_IN_Look_up",
    "objectType" : "Connection",
    "path" : "/SYS",
    "providerName" : null,
    "metadata" : {
      "modelVersion" : {
        "major" : 0,
        "minor" : 0
      },
      "repoInfo" : {
        "repoHandle" : "011FZB0B00000000003H"
      },
      "objectRefs" : [ ],
      "contextAttributes" : null,
      "additionalInfo" : {
        "description" : "Input Look up Values",
        "contentType" : "JSON",
        "documentState" : "COMPLETE"
      }
    }
  }, {
    "objectGuid" : "4HcIH3FVy4HirHxbhDP8a7",
    "objectName" : "m_projects_customer_output_viewpoint",
    "objectType" : "DTEMPLATE",
    "path" : "/Explore/SAP_Data_migration/O2C",
    "providerName" : null,
    "metadata" : {
      "modelVersion" : {
        "major" : 0,
        "minor" : 0
      },
      "repoInfo" : {
        "repoHandle" : "011FZB170000000000D5"
      },
      "objectRefs" : [ "2gvo7muCjKikhLYqEMxC4c", "3e7MsmCtmkddWJfiOhxW06", "0bAIHLvhE0wjIgqWb4Q6Gd" ],
      "contextAttributes" : [ {
        "name" : "id",
        "value" : "@1"
      } ],
      "additionalInfo" : {
        "description" : "",
        "contentType" : "JSON",
        "documentState" : "VALID"
      }
    }
  }, {
    "objectGuid" : "3JOG62oscbkheAPqilzYWp",
    "objectName" : "SAP_Data_migration",
    "objectType" : "Project",
    "path" : "/Explore",
    "providerName" : null,
    "metadata" : {
      "modelVersion" : {
        "major" : 0,
        "minor" : 0
      },
      "repoInfo" : null,
      "objectRefs" : [ ],
      "contextAttributes" : [ ],
      "additionalInfo" : {
        "description" : "27/06/2025- New for SAP Data migration",
        "contentType" : "Binary",
        "documentState" : "COMPLETE"
      }
    }
  }, {
    "objectGuid" : "d5QsfCBQ0c0jLzOEEpfQw6",
    "objectName" : "m_projects_customer_output_us_ca",
    "objectType" : "DTEMPLATE",
    "path" : "/Explore/SAP_Data_migration/O2C",
    "providerName" : null,
    "metadata" : {
      "modelVersion" : {
        "major" : 0,
        "minor" : 0
      },
      "repoInfo" : {
        "repoHandle" : "011FZB170000000000DI"
      },
      "objectRefs" : [ "2gvo7muCjKikhLYqEMxC4c", "0bAIHLvhE0wjIgqWb4Q6Gd" ],
      "contextAttributes" : [ {
        "name" : "id",
        "value" : "@1"
      } ],
      "additionalInfo" : {
        "description" : "",
        "contentType" : "JSON",
        "documentState" : "VALID"
      }
    }
  }, {
    "objectGuid" : "3CGSIhAC2t1j698d1KCss3",
    "objectName" : "m_customer_output",
    "objectType" : "DTEMPLATE",
    "path" : "/Explore/SAP_Data_migration/O2C",
    "providerName" : null,
    "metadata" : {
      "modelVersion" : {
        "major" : 0,
        "minor" : 0
      },
      "repoInfo" : {
        "repoHandle" : "011FZB170000000000CP"
      },
      "objectRefs" : [ "2gvo7muCjKikhLYqEMxC4c", "0bAIHLvhE0wjIgqWb4Q6Gd" ],
      "contextAttributes" : [ {
        "name" : "id",
        "value" : "@1"
      } ],
      "additionalInfo" : {
        "description" : "",
        "contentType" : "JSON",
        "documentState" : "VALID"
      }
    }
  }, {
    "objectGuid" : "0bAIHLvhE0wjIgqWb4Q6Gd",
    "objectName" : "SAP_FLAT_FILE_WRITE",
    "objectType" : "Connection",
    "path" : "/SYS",
    "providerName" : null,
    "metadata" : {
      "modelVersion" : {
        "major" : 0,
        "minor" : 0
      },
      "repoInfo" : {
        "repoHandle" : "011FZB0B00000000003F"
      },
      "objectRefs" : [ ],
      "contextAttributes" : null,
      "additionalInfo" : {
        "description" : null,
        "contentType" : "JSON",
        "documentState" : "COMPLETE"
      }
    }
  }, {
    "objectGuid" : "ckLHKzuF3K2jaGnSHa5lSS",
    "objectName" : "m_projects_customer_output_bkp",
    "objectType" : "DTEMPLATE",
    "path" : "/Explore/SAP_Data_migration/O2C",
    "providerName" : null,
    "metadata" : {
      "modelVersion" : {
        "major" : 0,
        "minor" : 0
      },
      "repoInfo" : {
        "repoHandle" : "011FZB170000000000D1"
      },
      "objectRefs" : [ "2gvo7muCjKikhLYqEMxC4c", "0bAIHLvhE0wjIgqWb4Q6Gd" ],
      "contextAttributes" : [ {
        "name" : "id",
        "value" : "@1"
      } ],
      "additionalInfo" : {
        "description" : "",
        "contentType" : null,
        "documentState" : "VALID"
      }
    }
  } ]
}