<aetgt:getResponse xmlns:aetgt="http://schemas.active-endpoints.com/appmodules/repository/2010/10/avrepository.xsd"
                   xmlns:types1="http://schemas.active-endpoints.com/appmodules/repository/2010/10/avrepository.xsd">
   <types1:Item>
      <types1:EntryId>FuR55aaabdqpw0V-gt-30961452-2025-09-09T10:13:23.513Z::tf.xml</types1:EntryId>
      <types1:Name>tf_customer</types1:Name>
      <types1:MimeType>application/xml+taskflow</types1:MimeType>
      <types1:Description/>
      <types1:AppliesTo/>
      <types1:Tags/>
      <types1:VersionLabel>1.0</types1:VersionLabel>
      <types1:State>CURRENT</types1:State>
      <types1:ProcessGroup/>
      <types1:CreatedBy>anand.angamuthu.contractor@vistra.com</types1:CreatedBy>
      <types1:CreationDate>2025-09-09T10:13:24Z</types1:CreationDate>
      <types1:ModifiedBy>anand.angamuthu.contractor@vistra.com</types1:ModifiedBy>
      <types1:ModificationDate>2025-09-09T10:41:53Z</types1:ModificationDate>
      <types1:PublicationStatus>published</types1:PublicationStatus>
      <types1:PublishedBy>anand.angamuthu.contractor@vistra.com</types1:PublishedBy>
      <types1:PublicationDate>2025-09-09T10:41:58Z</types1:PublicationDate>
      <types1:PublishedContributionId>project:/tf.tf_customer/tf_customer.tf.xml</types1:PublishedContributionId>
      <types1:Entry>
         <taskflow xmlns="http://schemas.active-endpoints.com/appmodules/screenflow/2010/10/avosScreenflow.xsd"
                   xmlns:tfm="http://schemas.active-endpoints.com/appmodules/screenflow/2021/04/taskflowModel.xsd"
                   xmlns:list="urn:activevos:spi:list:functions"
                   displayName="tf_customer"
                   name="tf_customer"
                   overrideAPIName="false">
            <parameterSet xmlns="http://schemas.active-endpoints.com/appmodules/screenflow/2021/04/taskflowModel.xsd"/>
            <appliesTo/>
            <description/>
            <tags/>
            <generator>Informatica Process Designer 11</generator>
            <tempFields>
               <field description="" name="customer sql server" type="reference">
                  <options>
                     <option name="failOnNotRun">false</option>
                     <option name="failOnFault">false</option>
                     <option name="referenceTo">$po:mt-customer-sqlserver-5sV3WeCJlEEcHIGNfqZf4U</option>
                  </options>
               </field>
               <field description="" name="customer output" type="reference">
                  <options>
                     <option name="failOnNotRun">false</option>
                     <option name="failOnFault">false</option>
                     <option name="referenceTo">$po:mt-customer-output-5QH95245lkZdSOaibpz3gT</option>
                  </options>
               </field>
            </tempFields>
            <notes/>
            <deployment skipIfRunning="false" suspendOnFault="false" tracingLevel="verbose">
               <rest/>
            </deployment>
            <extData>
               <nvpair name="treatEmptyStringAsNotNull">false</nvpair>
               <nvpair name="treatEmptyObjectListAsArray">false</nvpair>
            </extData>
            <flow id="a">
               <start id="b">
                  <link id="mfce72za" targetId="mfce72vy"/>
               </start>
               <eventContainer id="mfce72vy">
                  <service id="mfce72v4">
                     <title>customer sql server</title>
                     <serviceName>ICSExecuteDataTask</serviceName>
                     <serviceGUID/>
                     <serviceInput>
                        <parameter name="Wait for Task to Complete" source="constant" updatable="true">true</parameter>
                        <parameter name="Max Wait" source="constant" updatable="true">604800</parameter>
                        <parameter name="Task Name" source="constant" updatable="true">mt_customer_sqlserver</parameter>
                        <parameter name="GUID" source="constant" updatable="true">5sV3WeCJlEEcHIGNfqZf4U</parameter>
                        <parameter name="Task Type" source="constant" updatable="true">MCT</parameter>
                        <parameter name="Has Inout Parameters" source="constant" updatable="true">false</parameter>
                        <parameter name="taskField" source="nested">
                           <operation source="field" to="mt-customer-sqlserver-5sV3WeCJlEEcHIGNfqZf4U">temp.customer sql server</operation>
                        </parameter>
                     </serviceInput>
                     <serviceOutput>
                        <operation source="field" to="temp.customer sql server/output/Object_Name">Object Name</operation>
                        <operation source="field" to="temp.customer sql server/output/Run_Id">Run Id</operation>
                        <operation source="field" to="temp.customer sql server/output/Log_Id">Log Id</operation>
                        <operation source="field" to="temp.customer sql server/output/Task_Id">Task Id</operation>
                        <operation source="field" to="temp.customer sql server/output/Task_Status">Task Status</operation>
                        <operation source="field" to="temp.customer sql server/output/Success_Source_Rows">Success Source Rows</operation>
                        <operation source="field" to="temp.customer sql server/output/Failed_Source_Rows">Failed Source Rows</operation>
                        <operation source="field" to="temp.customer sql server/output/Success_Target_Rows">Success Target Rows</operation>
                        <operation source="field" to="temp.customer sql server/output/Failed_Target_Rows">Failed Target Rows</operation>
                        <operation source="field" to="temp.customer sql server/output/Start_Time">Start Time</operation>
                        <operation source="field" to="temp.customer sql server/output/End_Time">End Time</operation>
                        <operation source="field" to="temp.customer sql server/output/Error_Message">Error Message</operation>
                        <operation source="field" to="temp.customer sql server/output/TotalTransErrors">Total Transformation Errors</operation>
                        <operation source="field" to="temp.customer sql server/output/FirstErrorCode">First Error Code</operation>
                     </serviceOutput>
                  </service>
                  <link id="mfce72vb" targetId="mfce72xj"/>
                  <events>
                     <catch faultField="temp.customer sql server/fault"
                            id="mfce72vw"
                            interrupting="true"
                            name="error">
                        <suspend/>
                     </catch>
                     <catch faultField="temp.customer sql server/fault"
                            id="mfce72vx"
                            interrupting="true"
                            name="warning"/>
                  </events>
               </eventContainer>
               <eventContainer id="mfce72xj">
                  <service id="mfce72va">
                     <title>customer output</title>
                     <serviceName>ICSExecuteDataTask</serviceName>
                     <serviceGUID/>
                     <serviceInput>
                        <parameter name="Wait for Task to Complete" source="constant" updatable="true">true</parameter>
                        <parameter name="Max Wait" source="constant" updatable="true">604800</parameter>
                        <parameter name="Task Name" source="constant" updatable="true">mt_customer_output</parameter>
                        <parameter name="GUID" source="constant" updatable="true">5QH95245lkZdSOaibpz3gT</parameter>
                        <parameter name="Task Type" source="constant" updatable="true">MCT</parameter>
                        <parameter name="Has Inout Parameters" source="constant" updatable="true">false</parameter>
                        <parameter name="taskField" source="nested">
                           <operation source="field" to="mt-customer-output-5QH95245lkZdSOaibpz3gT">temp.customer output</operation>
                        </parameter>
                     </serviceInput>
                     <serviceOutput>
                        <operation source="field" to="temp.customer output/output/Object_Name">Object Name</operation>
                        <operation source="field" to="temp.customer output/output/Run_Id">Run Id</operation>
                        <operation source="field" to="temp.customer output/output/Log_Id">Log Id</operation>
                        <operation source="field" to="temp.customer output/output/Task_Id">Task Id</operation>
                        <operation source="field" to="temp.customer output/output/Task_Status">Task Status</operation>
                        <operation source="field" to="temp.customer output/output/Success_Source_Rows">Success Source Rows</operation>
                        <operation source="field" to="temp.customer output/output/Failed_Source_Rows">Failed Source Rows</operation>
                        <operation source="field" to="temp.customer output/output/Success_Target_Rows">Success Target Rows</operation>
                        <operation source="field" to="temp.customer output/output/Failed_Target_Rows">Failed Target Rows</operation>
                        <operation source="field" to="temp.customer output/output/Start_Time">Start Time</operation>
                        <operation source="field" to="temp.customer output/output/End_Time">End Time</operation>
                        <operation source="field" to="temp.customer output/output/Error_Message">Error Message</operation>
                        <operation source="field" to="temp.customer output/output/TotalTransErrors">Total Transformation Errors</operation>
                        <operation source="field" to="temp.customer output/output/FirstErrorCode">First Error Code</operation>
                     </serviceOutput>
                  </service>
                  <link id="mfce72vc" targetId="c"/>
                  <events>
                     <catch faultField="temp.customer output/fault"
                            id="mfce72xh"
                            interrupting="true"
                            name="error">
                        <suspend/>
                     </catch>
                     <catch faultField="temp.customer output/fault"
                            id="mfce72xi"
                            interrupting="true"
                            name="warning"/>
                  </events>
               </eventContainer>
               <end id="c"/>
            </flow>
            <dependencies>
               <processObject xmlns="http://schemas.active-endpoints.com/appmodules/screenflow/2011/06/avosHostEnvironment.xsd"
                              displayName="mt-customer-sqlserver-5sV3WeCJlEEcHIGNfqZf4U"
                              isByCopy="true"
                              name="mt-customer-sqlserver-5sV3WeCJlEEcHIGNfqZf4U">
                  <description/>
                  <tags/>
                  <detail>
                     <field label="TaskProperties Parameters"
                            name="taskProperties"
                            nullable="true"
                            required="false"
                            type="reference"/>
                     <field label="Output Parameters"
                            name="output"
                            nullable="true"
                            required="false"
                            type="reference"/>
                     <field label="Fault"
                            name="fault"
                            nullable="true"
                            required="false"
                            type="reference"/>
                     <field label="Max Wait (Seconds)"
                            name="Max_Wait"
                            nullable="true"
                            required="false"
                            type="int"/>
                  </detail>
               </processObject>
               <processObject xmlns="http://schemas.active-endpoints.com/appmodules/screenflow/2011/06/avosHostEnvironment.xsd"
                              displayName="mt-customer-output-5QH95245lkZdSOaibpz3gT"
                              isByCopy="true"
                              name="mt-customer-output-5QH95245lkZdSOaibpz3gT">
                  <description/>
                  <tags/>
                  <detail>
                     <field label="TaskProperties Parameters"
                            name="taskProperties"
                            nullable="true"
                            required="false"
                            type="reference"/>
                     <field label="Output Parameters"
                            name="output"
                            nullable="true"
                            required="false"
                            type="reference"/>
                     <field label="Fault"
                            name="fault"
                            nullable="true"
                            required="false"
                            type="reference"/>
                     <field label="Max Wait (Seconds)"
                            name="Max_Wait"
                            nullable="true"
                            required="false"
                            type="int"/>
                  </detail>
               </processObject>
            </dependencies>
         </taskflow>
      </types1:Entry>
      <types1:GUID>cUYsRWV8MkYiDOWZ7GQsa4</types1:GUID>
      <types1:DisplayName>tf_customer</types1:DisplayName>
   </types1:Item>
   <types1:CurrentServerDateTime>2025-12-09T15:12:13.123Z</types1:CurrentServerDateTime>
</aetgt:getResponse>
