objectPath,objectName,objectType,id
/Explore/SAP_Data_migration/ANAND_POC,Mapping7,DTEMPLATE,9o2uEkNplBgi7VF0gpxraX
/Explore/SAP_Data_migration/Bharath_test,m_DM023_gl_Trial_balance_Large_files,DTEMPLATE,fvCMkyitLUwg8P1mTO2caj
/Explore/SAP_Data_migration/O2C,m_projects_customer_output,DTEMPLATE,7tJEPU0yzinhSHfYAB6qsQ
/Explore/SAP_Data_migration,ANAND_POC,Folder,3slps80zOKxkoHxAJ54qWC
/Explore/SAP_Data_migration/Template,FW_CUSTOMER,MI_FILE_LISTENER,0bYiSfglZmAkDSfsBEp1Wi
/Explore/SAP_Data_migration,Test_Mapping,DTEMPLATE,5NyGNFlxPmEfLUMN2tMse3
/Explore/SAP_Data_migration/R2R,mtt_AP_open_items,MTT,5tIK9QnWeTEg9SKe5gL68U
/Explore/SAP_Data_migration/R2R,mtt_Fixed_asset_Master,MTT,ayNL74xrHZJjAbYcsQ0w6C
/Explore/SAP_Data_migration/R2R,m_DM018_fixed_asset_balance - Mid year,DTEMPLATE,0sn3zAVEtWmfdwAIZI0swF
/Explore/SAP_Data_migration/O2C,m_projects_customer_output_viewpoint,DTEMPLATE,4HcIH3FVy4HirHxbhDP8a7
/Explore/SAP_Data_migration/Archive,mt_customer_output,MTT,5QH95245lkZdSOaibpz3gT
/Explore/SAP_Data_migration/ANAND_POC,XML,HSCHEMA,3pvjIEXXZWLjOWZExV1let
/Explore/SAP_Data_migration/O2C,m_customer_sqlserver,DTEMPLATE,1qRhSrbGF3OeK3OShWK9aq
/Explore/SAP_Data_migration/Archive,mt_customer_sqlserver,MTT,5sV3WeCJlEEcHIGNfqZf4U
/Explore/SAP_Data_migration/Template,mt_csv_sqlserver,MTT,ha91I5hofsSgn1Gl3ai2Go
/Explore/SAP_Data_migration/R2R,M_gl_line_item_mapping,DTEMPLATE,jSbXxWUDfK9fQmKtPh5zwl
/Explore/SAP_Data_migration/ANAND_POC,ism_sample_file,STRUCTURE_DISCOVERY,6YYCXmPTVSrlty0lct9juf
/Explore/SAP_Data_migration/R2R,m_DM023_gl_Trial_balance_Large_files,DTEMPLATE,iYuGiIIBP6tboZ7dkfGXSA
/Explore/SAP_Data_migration/ANAND_POC,m_activity_types-Advanced,AtScaleDTemplate,kv6XgPkwAW1jNVvsKAsnUS
/Explore/SAP_Data_migration/ANAND_POC,excel_structure_parser,STRUCTURE_DISCOVERY,78CGKNmXdMwbtN2N88xIcZ
/Explore/SAP_Data_migration/ANAND_POC,m_activity_types,DTEMPLATE,8aDE4hHJuydidy3TMEfE25
/Explore/SAP_Data_migration/R2R,m_profit_center,DTEMPLATE,22FVt0Wn67ogiAxuhy2DMU
/Explore/SAP_Data_migration/R2R,m_supplier_purchase_order,DTEMPLATE,2kVaD4e1HZFimvY3fKomev
/Explore/SAP_Data_migration/Bharath_test,Mapping9,DTEMPLATE,34R5oyv5A2BiMcxn4Btacx
/Explore/SAP_Data_migration/R2R,m_DM006_fixed_asset,DTEMPLATE,4MfBrR5lJ8PdbfV0qdTNqY
/Explore/SAP_Data_migration,O2C,Folder,gELRTS4zkaLkPvtPKUSk8z
/Explore/SAP_Data_migration/ANAND_POC,XML,DTEMPLATE,4yemf52KHJJklhIhrtnCIE
/Explore/SAP_Data_migration/R2R,m_AP_open_items,DTEMPLATE,gnbnEqgr4uIlDn0wVKmiAJ
/Explore/SAP_Data_migration/O2C,m_projects_service_contract_sqlserver,DTEMPLATE,3I3shAyFMCClKcaoZJMbIP
/Explore/SAP_Data_migration/R2R,m_supplier_bank_accounts,DTEMPLATE,8vz9uiAh4WXgT6ZqNd6oys
/Explore/SAP_Data_migration/ANAND_POC,Mapping6,DTEMPLATE,9HB3dtsvt2PcrERLLe21a2
/Explore/SAP_Data_migration/ANAND_POC,tf_convert_excel_csv,TASKFLOW,5he4sPBOVUQlpSrwH4PIUj
/Explore/SAP_Data_migration/R2R,m_DM023_gl_Trial_balance -,DTEMPLATE,8WbABdX4hG6ktL89R93f2n
/Explore/SAP_Data_migration/O2C,m_customer_output,DTEMPLATE,3CGSIhAC2t1j698d1KCss3
/Explore/SAP_Data_migration,R2R,Folder,aV7LuYmiQC4j0elDvPynYd
/Explore/SAP_Data_migration/Archive,m_projects_customer_output_bkp,DTEMPLATE,7gbAXS7rNBmf7jkmWxmvuI
/Explore/SAP_Data_migration/UDF,UDF_ISSTRING,UDF,4eUadPpA1f5bGGuARzJ5kU
/Explore/SAP_Data_migration/O2C,m_projects_customer_output_bkp_v2,DTEMPLATE,dDOR3mhr4a3f9DAIEKO2CT
/Explore/SAP_Data_migration/R2R,m_AR_open_Items,DTEMPLATE,aTiqG09FfqQd4l63BugRgO
/Explore/SAP_Data_migration/R2R,ISM_GL_Line_item,STRUCTURE_DISCOVERY,1zj9HmkDgWNfEwT2eXnp8V
/Explore/SAP_Data_migration/O2C,m_projects_customer_output_viewpoint - Copy 1,DTEMPLATE,a7s3myYdQsvl9DmAp6oDQw
/Explore/SAP_Data_migration,Archive,Folder,hgOhM13nGWqkdbNXSRNmI7
/Explore/SAP_Data_migration/R2R,m_activity_types,DTEMPLATE,1dQQQfQ8E2GeQPzdzel8AW
/Explore/SAP_Data_migration/O2C,m_customer_dedup,DTEMPLATE,5hALBEsiJeJbahuz5L6oO3
/Explore/SAP_Data_migration/ANAND_POC,Mapping8,DTEMPLATE,7BzfTgR1301dmUzE87XeaH
/Explore/SAP_Data_migration/ANAND_POC,mt_template,MTT,8W20RArWdoxjbTbiWcdJ4m
/Explore/SAP_Data_migration/R2R,m_DM018_fixed_asset_balance,DTEMPLATE,8z8RhzKx74EkpKGrWvfsA8
/Explore,SAP_Data_migration,Project,3JOG62oscbkheAPqilzYWp
/Explore/SAP_Data_migration/R2R,m_DM021_AP_open_items,DTEMPLATE,9r1WIYJvCojkeTgD7xRegR
/Explore/SAP_Data_migration/R2R,m_DM022_AR_open_Items,DTEMPLATE,4u8CaQ3VH8ijhSdro4lso0
/Explore/SAP_Data_migration/R2R,m_supplier_company_code,DTEMPLATE,7WpPdbdqKJtkewAJQS6Bkj
/Explore/SAP_Data_migration/R2R,m_GL_accounts_by_Company_code,DTEMPLATE,1RlRJtdybuYdXs7AYjK0cT
/Explore/SAP_Data_migration/ANAND_POC,tf_python,TASKFLOW,4gOGIj1tvKZcMM2WenVwQY
/Explore/SAP_Data_migration/R2R,ISM_GL_Trial_Balance,STRUCTURE_DISCOVERY,aEvHdioxDYWj140du8HBeR
/Explore/SAP_Data_migration/O2C,m_projects_customer_sqlserver_viewpoint,DTEMPLATE,arQlfyQ6DcMhv4cIuPT4Qi
/Explore/SAP_Data_migration/R2R,m_Supplier,DTEMPLATE,53s9ZWstKPngh8avwzniCe
/Explore/SAP_Data_migration,UDF,Folder,9rwzEKhp3NlgvZiCJ8esO7
/Explore/SAP_Data_migration/R2R,m_gl_Trial_balance,DTEMPLATE,6TIQ8WbPF0Bd96XzNVDQ0R
/Explore/SAP_Data_migration/ANAND_POC,mt_customer_output,MTT,kfRJOHMbRi1kxCaJvwEeUi
/Explore/SAP_Data_migration/UDF,UDF_EMAIL,UDF,4m5DiZob4hQbNFOWStL5a9
/Explore/SAP_Data_migration/ANAND_POC,mt_Activity_Types_Anand,MTT,6Z0CYmCWZc3dcpI5lpe66P
/Explore/SAP_Data_migration/O2C,m_projects_customer_sqlserver,DTEMPLATE,8j0QYXDVRm9bKhtWwoCSS7
/Explore/SAP_Data_migration/R2R,m_DM023_gl_Trial_balance_ML2,DTEMPLATE,1MNjkrRoMmXe5IhGdJrNEl
/Explore/SAP_Data_migration/Template,m_csv_sqlserver,DTEMPLATE,f9Chundicu2eWw8jO6hXgC
/Explore/SAP_Data_migration/R2R,mtt_AR_OpenItems,MTT,8ASIxjX3RVPf6tlPBtoDKC
/Explore/SAP_Data_migration/UDF,UDF_LKP,UDF,1RZ0i069OIni5hMwCaFaiH
/Explore/SAP_Data_migration,Bharath_test,Folder,ccnmKZ2QGm5kKm5ulHL5OU
/Explore/SAP_Data_migration,Template,Folder,gZJOIwRW7mCcaCNeqDIgqA
/Explore/SAP_Data_migration/Archive,tf_customer,TASKFLOW,cUYsRWV8MkYiDOWZ7GQsa4
/Explore/SAP_Data_migration/R2R,m_supplier_general,DTEMPLATE,eXSkpkBo8CDe0vL2LxWy4X
/Explore/SAP_Data_migration/O2C,m_projects_customer_output_bkp,DTEMPLATE,ckLHKzuF3K2jaGnSHa5lSS