objectPath,objectName,objectType,id
/SYS,SAP_DM_DEV_SQL,Connection,2gvo7muCjKikhLYqEMxC4c
/Explore/SAP_Data_migration/O2C,m_projects_customer_output,DTEMPLATE,7tJEPU0yzinhSHfYAB6qsQ
/SYS,SAP_IN_Look_up_2,Connection,3e7MsmCtmkddWJfiOhxW06
/Explore/SAP_Data_migration,O2C,Folder,gELRTS4zkaLkPvtPKUSk8z
/Explore,SAP_Data_migration,Project,3JOG62oscbkheAPqilzYWp
/SYS,SRVAWSDVIPQAG11,AgentGroup,1Dzap87NwIjbXIKQvLumkV
/SYS,SAP_IN_Look_up,Connection,bSPTz5kfD4wbL4T8CWtKQW
/SYS,SAP_FLAT_FILE_WRITE,Connection,0bAIHLvhE0wjIgqWb4Q6Gd