{
  "name" : "m_projects_customer_output-1769136555679",
  "sourceOrgId" : "f88JNmDAe05jdSSayUb5gx",
  "sourceOrgName" : "Vistra Group.QA",
  "exportedObjects" : [ {
    "objectGuid" : "2gvo7muCjKikhLYqEMxC4c",
    "objectName" : "SAP_DM_DEV_SQL",
    "objectType" : "Connection",
    "path" : "/SYS",
    "providerName" : null,
    "metadata" : {
      "modelVersion" : {
        "major" : 0,
        "minor" : 0
      },
      "repoInfo" : {
        "repoHandle" : "011FZB0B00000000002K"
      },
      "objectRefs" : [ "1Dzap87NwIjbXIKQvLumkV" ],
      "contextAttributes" : [ {
        "name" : "id",
        "value" : "@1"
      } ],
      "additionalInfo" : {
        "description" : "SQL Server connection for SAP Data migration DEV",
        "contentType" : "JSON",
        "documentState" : "COMPLETE"
      }
    }
  }, {
    "objectGuid" : "7tJEPU0yzinhSHfYAB6qsQ",
    "objectName" : "m_projects_customer_output",
    "objectType" : "DTEMPLATE",
    "path" : "/Explore/SAP_Data_migration/O2C",
    "providerName" : null,
    "metadata" : {
      "modelVersion" : {
        "major" : 0,
        "minor" : 0
      },
      "repoInfo" : {
        "repoHandle" : "011FZB170000000000CS"
      },
      "objectRefs" : [ "2gvo7muCjKikhLYqEMxC4c", "3e7MsmCtmkddWJfiOhxW06", "bSPTz5kfD4wbL4T8CWtKQW", "0bAIHLvhE0wjIgqWb4Q6Gd" ],
      "contextAttributes" : [ {
        "name" : "id",
        "value" : "@1"
      } ],
      "additionalInfo" : {
        "description" : "",
        "contentType" : "JSON",
        "documentState" : "VALID"
      }
    }
  }, {
    "objectGuid" : "3e7MsmCtmkddWJfiOhxW06",
    "objectName" : "SAP_IN_Look_up_2",
    "objectType" : "Connection",
    "path" : "/SYS",
    "providerName" : null,
    "metadata" : {
      "modelVersion" : {
        "major" : 0,
        "minor" : 0
      },
      "repoInfo" : {
        "repoHandle" : "011FZB0B00000000003K"
      },
      "objectRefs" : [ "1Dzap87NwIjbXIKQvLumkV" ],
      "contextAttributes" : [ {
        "name" : "id",
        "value" : "@1"
      } ],
      "additionalInfo" : {
        "description" : "Input Look up Values",
        "contentType" : "JSON",
        "documentState" : "COMPLETE"
      }
    }
  }, {
    "objectGuid" : "gELRTS4zkaLkPvtPKUSk8z",
    "objectName" : "O2C",
    "objectType" : "Folder",
    "path" : "/Explore/SAP_Data_migration",
    "providerName" : null,
    "metadata" : {
      "modelVersion" : {
        "major" : 0,
        "minor" : 0
      },
      "repoInfo" : null,
      "objectRefs" : [ ],
      "contextAttributes" : [ ],
      "additionalInfo" : {
        "description" : "Folder for O2C",
        "contentType" : "Binary",
        "documentState" : "COMPLETE"
      }
    }
  }, {
    "objectGuid" : "3JOG62oscbkheAPqilzYWp",
    "objectName" : "SAP_Data_migration",
    "objectType" : "Project",
    "path" : "/Explore",
    "providerName" : null,
    "metadata" : {
      "modelVersion" : {
        "major" : 0,
        "minor" : 0
      },
      "repoInfo" : null,
      "objectRefs" : [ ],
      "contextAttributes" : [ ],
      "additionalInfo" : {
        "description" : "27/06/2025- New for SAP Data migration",
        "contentType" : "Binary",
        "documentState" : "COMPLETE"
      }
    }
  }, {
    "objectGuid" : "1Dzap87NwIjbXIKQvLumkV",
    "objectName" : "SRVAWSDVIPQAG11",
    "objectType" : "AgentGroup",
    "path" : "/SYS",
    "providerName" : null,
    "metadata" : {
      "modelVersion" : {
        "major" : 0,
        "minor" : 0
      },
      "repoInfo" : {
        "repoHandle" : "011FZB25000000000070"
      },
      "objectRefs" : [ ],
      "contextAttributes" : [ {
        "name" : "id",
        "value" : "@1"
      } ],
      "additionalInfo" : {
        "description" : "SAP S/4 Programme Team using this Secure Agent Server\n",
        "contentType" : "JSON",
        "documentState" : "VALID"
      }
    }
  }, {
    "objectGuid" : "bSPTz5kfD4wbL4T8CWtKQW",
    "objectName" : "SAP_IN_Look_up",
    "objectType" : "Connection",
    "path" : "/SYS",
    "providerName" : null,
    "metadata" : {
      "modelVersion" : {
        "major" : 0,
        "minor" : 0
      },
      "repoInfo" : {
        "repoHandle" : "011FZB0B00000000003H"
      },
      "objectRefs" : [ "1Dzap87NwIjbXIKQvLumkV" ],
      "contextAttributes" : [ {
        "name" : "id",
        "value" : "@1"
      } ],
      "additionalInfo" : {
        "description" : "Input Look up Values",
        "contentType" : "JSON",
        "documentState" : "COMPLETE"
      }
    }
  }, {
    "objectGuid" : "0bAIHLvhE0wjIgqWb4Q6Gd",
    "objectName" : "SAP_FLAT_FILE_WRITE",
    "objectType" : "Connection",
    "path" : "/SYS",
    "providerName" : null,
    "metadata" : {
      "modelVersion" : {
        "major" : 0,
        "minor" : 0
      },
      "repoInfo" : {
        "repoHandle" : "011FZB0B00000000003F"
      },
      "objectRefs" : [ "1Dzap87NwIjbXIKQvLumkV" ],
      "contextAttributes" : [ {
        "name" : "id",
        "value" : "@1"
      } ],
      "additionalInfo" : {
        "description" : null,
        "contentType" : "JSON",
        "documentState" : "COMPLETE"
      }
    }
  } ]
}