objectPath,objectName,objectType,id
/SYS,SAP_DM_DEV_SQL,Connection,2gvo7muCjKikhLYqEMxC4c
/Explore/SAP_Data_migration/O2C,m_projects_customer_output,DTEMPLATE,7tJEPU0yzinhSHfYAB6qsQ
/SYS,SAP_IN_Look_up_2,Connection,3e7MsmCtmkddWJfiOhxW06
/Explore/SAP_Data_migration/O2C,m_projects_customer_output_bkp_dec25,DTEMPLATE,ak9aa3d3sEmkc8wT8uP3MB
/Explore/SAP_Data_migration/O2C,m_projects_customer_output_us_ca - Copy 1,DTEMPLATE,5JyvC9TOHSlfjZyzD3Z7K0
/Explore/SAP_Data_migration,O2C,Folder,gELRTS4zkaLkPvtPKUSk8z
/Explore/SAP_Data_migration/O2C,m_projects_customer_output_bkp_v2,DTEMPLATE,dDOR3mhr4a3f9DAIEKO2CT
/SYS,SRVAWSDVIPQAG11,AgentGroup,1Dzap87NwIjbXIKQvLumkV
/Explore/SAP_Data_migration/O2C,m_projects_customer_output_iipay,DTEMPLATE,0eRI7PYev7cfbkPnGXkpmZ
/Explore/SAP_Data_migration/O2C,m_projects_customer_output_service_contract,DTEMPLATE,a7s3myYdQsvl9DmAp6oDQw
/SYS,SAP_IN_Look_up,Connection,bSPTz5kfD4wbL4T8CWtKQW
/Explore/SAP_Data_migration/O2C,m_projects_customer_output_viewpoint,DTEMPLATE,4HcIH3FVy4HirHxbhDP8a7
/Explore,SAP_Data_migration,Project,3JOG62oscbkheAPqilzYWp
/Explore/SAP_Data_migration/O2C,m_projects_customer_output_us_ca,DTEMPLATE,d5QsfCBQ0c0jLzOEEpfQw6
/Explore/SAP_Data_migration/O2C,m_customer_output,DTEMPLATE,3CGSIhAC2t1j698d1KCss3
/SYS,SAP_FLAT_FILE_WRITE,Connection,0bAIHLvhE0wjIgqWb4Q6Gd
/Explore/SAP_Data_migration/O2C,m_projects_customer_output_bkp,DTEMPLATE,ckLHKzuF3K2jaGnSHa5lSS